year_month,year,month,precipitation_mean,precipitation_sum,max_temp_mean,max_temp_max,min_temp_mean,min_temp_min,avg_temp_mean,avg_temp_std,precipitation_count,price_usd_per_tonne_mean,price_usd_per_tonne_std,Buying_mean,Buying_std,Selling_mean,Selling_std,Mid Rate_mean,Mid Rate_std
1996-01-01,1996,1,-0.8614642247975713,-1.0115308727248327,0.46246038871697687,-0.23871226738856136,0.9477761641247596,1.934932870776779,0.43898298319193974,0.37664094500477674,0,1349.5413636363637,10.184783839702797,1456.780909090909,14.790337872147951,1481.375909090909,14.336135382508902,1469.078409090909,14.536907657863276
1996-02-01,1996,2,-0.8614642247975713,-1.0115308727248327,0.46246038871697687,-0.23871226738856136,0.8384666801378723,1.934932870776779,1.3442591355917783,-0.2567725310840323,0,1369.8395238095238,17.896659318484637,1506.837,13.082235886478848,1530.441,13.501740979358207,1518.639,13.28622492025412
1996-03-01,1996,3,-0.8614642247975713,-1.0115308727248327,0.46246038871697687,-0.23871226738856136,0.7291571961509942,1.934932870776779,1.2221994296502245,0.6197081534722204,0,1338.6009523809523,26.267300566438543,1549.736,12.558167985733345,1573.327,11.070513752163528,1561.5315,11.793659659236187
1996-04-01,1996,4,-0.8614642247975713,-1.0115308727248327,0.016635008832486347,-0.15577575927514511,0.6198477121641068,1.934932870776779,1.0797964393850836,3.327664558878738,0,1456.2795238095237,31.03766139324793,1584.6715,8.136778927548065,1605.3870000000002,8.669324079765444,1595.02925,8.39992266176805
1996-05-01,1996,5,0.7869763601733774,0.6652903427547373,-0.429190371052,-0.07283925116172889,0.4910186774652803,0.02779153098290105,-0.19138749211310585,1.888105755056003,14,1524.0204545454544,17.32473252106388,1608.4404545454547,7.694010334126511,1628.796818181818,7.42835198435482,1618.6186363636364,7.556587977485205
1996-06-01,1996,6,-0.31945172559206947,-0.6570953537396425,-0.6941428191345198,-1.1371911052839123,-0.760184249896601,-0.2656165217156879,-0.8757017662201895,0.064938904980703,9,1537.5725,23.351581232384028,1630.9857894736842,5.968305469347218,1653.88,7.598300979678145,1642.432894736842,6.773117679430431
1996-07-01,1996,7,-0.032956185340937964,0.5536174529534165,-1.520651641179536,-1.0680773485227315,-1.0567335392557704,-0.7057264002141813,-1.7632792612584984,-1.1345995093266263,26,1495.68,33.032814951747085,1655.9959090909092,9.355048883377952,1684.5949999999998,9.456754577700442,1670.2954545454545,9.398694680023977
1996-08-01,1996,8,-0.34009032719061666,-0.06447692381258359,-1.6996707513628613,2.5258380030586727,-1.0793077318308721,0.08647138108310554,-1.9607710065332573,-1.1467720561169708,25,1499.8831818181818,28.093554486388147,1674.0459090909092,2.388224403372992,1703.6277272727273,1.9051207481246553,1688.8368181818184,2.128959362075276
1996-09-01,1996,9,-0.2759146899005497,-0.37335508158538994,-1.4966902827639015,-0.9989635917615507,-1.1921178627590523,-0.2656165217156879,-1.984865958903174,-0.725137470053853,15,1476.2790476190476,12.18304842999564,1688.1538095238097,5.949036456595671,1713.4109523809523,5.278115103672966,1700.782380952381,5.6014740513207855
1996-10-01,1996,10,-0.8415806681244257,-1.0100861666548009,-0.22657957413003915,-0.33086302155338004,-0.6918660956785045,0.17449335678280548,-0.4866364535314923,-0.7840025532461977,1,1476.9804347826089,14.983626359906312,1705.4382608695653,2.657674397209043,1731.178695652174,4.052717723777074,1718.3084782608696,3.133941185118039
1996-11-01,1996,11,-0.7119685993084883,-0.8160130214431442,0.30742634170709393,-0.01754824575278342,0.3032763168451779,0.6146032352812988,-0.016918410104535375,-0.7893694662789869,18,1469.2771428571427,29.00372444063988,1714.4409523809525,2.8300227998408545,1739.9371428571428,4.233431401188898,1727.1890476190476,3.313262975922307
1996-12-01,1996,12,-0.8558821778873315,-1.0038248105472827,-0.21695041909970042,-0.23871226738856136,0.006223819220497087,0.3211951825827099,-0.45258344072636253,-0.7226940714057734,19,1474.384,14.372981743901459,1722.41,2.425434668947668,1749.683157894737,2.8296447610405777,1736.0465789473685,2.6147796022649854
1997-01-01,1997,1,-0.7053407470841064,-0.8073447850229533,0.38719652669524746,0.4985020595807902,0.5800589725452985,-0.11891469591578349,0.016445305153841433,-0.20543128742652073,18,1428.4795454545454,28.0856162944788,1730.1745454545453,3.352820741764726,1761.0818181818183,4.341513491161753,1745.6281818181817,3.820988262047107
1997-02-01,1997,2,-0.8614642247975713,-1.0115308727248327,1.3634418603009513,1.8347004354468641,0.41408881208230675,-0.2656165217156879,0.8519515800119115,0.955750084018678,11,1372.742,24.95133254536664,1758.6015,18.265705073774445,1790.0945,17.576396994714013,1774.348,17.914871901946704
1997-03-01,1997,3,0.2567697124508597,0.8571964288613462,0.9071185931695258,1.903814192208045,0.4637990005414531,-1.1458362787126746,0.9606525567289143,2.517612345302992,23,1523.6395,57.959788009038114,1845.8388888888887,21.472688231082785,1876.8933333333334,22.40675029591581,1861.366111111111,21.933339017521075
1997-04-01,1997,4,0.7148232427429536,2.309851271690497,0.1547682614748065,0.8671078407903323,-0.1656189304063025,0.02779153098290105,0.29678362920287366,0.2877055228971895,29,1571.0095454545453,35.122887460928816,1906.0866666666666,16.028641655902565,1936.4666666666667,16.89743570289097,1921.2766666666666,16.4308903694637
1997-05-01,1997,5,0.09681185893067996,1.0772713939214358,0.07332731219755276,0.7288803272679706,-0.41276247369233665,-0.08957257031628806,-0.108152870804809,0.14107315503943013,30,1568.2957142857142,29.76098596677014,1983.141904761905,17.014388504747405,2011.8052380952383,15.69368395853807,1997.4735714285714,16.350356964211514
1997-06-01,1997,6,0.609620030025225,2.088178461716952,-1.030413340482315,0.03774275965616205,-0.6639731800273949,-0.5296824488147814,-0.9997957395642486,-0.45259817196865104,29,1688.3347619047618,104.53348279948621,2055.969,28.550587218590085,2086.168,30.5027892771169,2071.0685000000003,29.52446590719749
1997-07-01,1997,7,-0.6683286109790831,-0.5905435239175558,-1.6970478320726203,-0.5151672944332848,-1.8603191758968982,-1.585946157211168,-1.7234586537261742,-0.283108256175109,30,1677.2665217391302,52.92932333943046,2129.9513636363636,16.112050886409023,2161.566363636364,15.509049753045039,2145.7588636363635,15.80857941660143
1997-08-01,1997,8,-0.4605142928392564,-0.42888380409313354,-1.6930460095820357,-1.0680773485227315,-1.774904637915729,-0.7057264002141813,-1.6874351234940244,-0.49349687392846375,20,1652.1214285714286,75.93452648734393,2165.6990476190476,4.929684477491258,2196.3238095238094,5.044067283641836,2181.0114285714285,4.979989242673412
1997-09-01,1997,9,0.02855436197961771,0.6698180515782168,-0.7205092380322765,-0.5151672944332848,-0.7041432846048101,0.3211951825827099,-0.9175581550891203,-0.5943203597400726,26,1769.745,22.576305478257932,2182.9636363636364,8.708005372975013,2214.5486363636364,10.434299344654399,2198.7561363636364,9.562617684531688
1997-10-01,1997,10,-0.3215709813408156,-0.07006504689146677,-0.26969104559490964,-0.5842810511944656,-0.3092832140372166,0.2845208264074288,-0.2329556369864524,0.7748940533825425,24,1741.3843478260867,40.87495219080744,2208.6891304347823,3.7062464631822034,2247.1647826086955,4.217245837106424,2227.926956521739,3.9027731222143336
1997-11-01,1997,11,-0.23049473237556167,-0.41554338824245957,0.16133174768541356,0.31419778670088544,0.3710387764269728,-0.08957257031628806,0.35671455422911774,0.8423603750076734,13,1694.7575000000002,19.74472744410784,2216.9305,2.0324977503710593,2252.6415,2.2853314282272326,2234.786,2.126519023638117
1997-12-01,1997,12,-0.34733225939194784,-0.7500390740490706,-0.03494051210639308,-0.23871226738856136,-0.01215984979642716,-0.9697923273132748,0.3321809994076117,0.6134019428736,7,1737.2404761904763,52.358167221188125,2226.787,3.1202312667328638,2260.5935,2.611316012241324,2243.69025,2.8475240745716133
1998-01-01,1998,1,-0.8614642247975713,-1.0115308727248327,0.9595535838699011,0.5906528137456089,0.3018566847649613,-1.292538104512579,0.3681563077195348,0.47043032227391435,3,1668.1470000000002,26.559238674091727,2149.401904761905,492.6930326138077,2177.497619047619,499.0779218910085,2163.449761904762,495.8835906830254
1998-02-01,1998,2,-0.6652811245263124,-0.8689875036190716,1.657142186238081,2.2493829760139494,2.2787798809062343,0.9080112879798878,1.839806419873128,0.5101011863877977,10,1640.8349999999998,31.706943702403276,2279.4674999999997,2.826122273586758,2303.924,3.9217898706421503,2291.69575,3.358185708086783
1998-03-01,1998,3,0.23434067630023395,-0.2949566619890424,1.8841800854378785,1.9176369435602805,3.0246563598755642,1.934932870776779,2.352523266596224,0.03153404435231952,9,1719.2122727272726,24.33504174012266,2290.8223809523806,1.6706941813567484,2316.753333333333,2.0734520330436204,2303.787857142857,1.8411420174911102
1998-04-01,1998,4,0.0892183286372055,0.6462693426366981,1.367509234577129,1.420017894879779,2.778491576832273,1.934932870776779,1.8606394552046197,-0.05464573463260098,24,1726.4952380952382,44.02147846438679,1980.7727272727273,805.6013773702099,2005.0422727272728,815.4720677294654,1992.9074999999998,810.5366913608921
1998-05-01,1998,5,0.19484972346329188,0.8304693665657572,0.4730070279925113,0.5906528137456089,1.195404271548492,0.6146032352812988,0.7611946462218931,1.7577517735463495,24,1794.4185000000002,21.456088149618797,2184.2438095238094,500.47318040506616,2211.6880952380952,506.76154005231155,2197.9659523809523,503.6173379005608
1998-06-01,1998,6,0.25163432081369974,0.6868626937924526,-0.5362200245455971,-0.1465615132237427,0.23564528038721605,0.02779153098290105,-0.34140802971394485,-0.402556422448193,21,1721.8936363636365,25.45961349825484,2194.7445454545455,490.2397092941689,2224.0068181818183,496.7571477989964,2209.375681818182,493.49434775866587
1998-07-01,1998,7,-0.5999522294225035,-0.5745072865402026,-1.3385360700926086,-1.0680773485227315,-0.7967223112877602,-0.4123183475155923,-1.171089443900733,-0.8117164291832165,23,1712.2252173913043,24.824287386927566,2309.9577272727274,1.0085394050814414,2339.561818181818,0.7975715305351766,2324.759772727273,0.8884449728018814
1998-08-01,1998,8,-0.5869144134967377,-0.6724092380819798,-1.3913038591011762,-1.5288366484473597,-1.8166610138319972,-0.7057264002141813,-1.6019109112925816,-0.6188862460025022,17,1683.6847619047617,21.330282609249938,2310.7761904761905,0.13836459772923043,2340.0214285714283,0.25158071695359757,2325.3988095238096,0.15222438012613893
1998-09-01,1998,9,0.9608239771828821,2.298579674932108,-1.0656412539527966,-0.5151672944332848,-0.7631198471803066,-0.7057264002141813,-1.1049029594699733,-0.2667354124881999,25,1687.3154545454547,38.97881301514017,2310.380909090909,0.21971646427889216,2339.0204545454544,0.0959403223601437,2324.7006818181817,0.1415584638983578
1998-10-01,1998,10,0.26938494975229166,1.3712719685850543,-0.36016935394365,-0.1465615132237427,-0.1070605749676417,0.5045757656566755,-0.25451957939930775,-0.3700673063696042,29,1646.429090909091,17.895644298221956,2309.751818181818,0.8319663246598751,2339.4345454545455,1.0685492045748233,2324.593181818182,0.9271622674212995
1998-11-01,1998,11,0.21622454688692355,0.5545305071896767,0.6167373244027804,1.005335354312694,0.8328128166968198,0.6146032352812988,0.8104175444021813,-1.0151917109129636,20,1594.905714285714,23.017317517779684,2317.347142857143,3.3268455672862323,2348.592380952381,3.985117193712078,2332.969761904762,3.642752213708071
1998-12-01,1998,12,-0.8614642247975713,-1.0115308727248327,0.11110451320637982,-0.23871226738856136,0.7968247637438598,1.0547131137797923,0.7138208968066547,-0.14308536991738238,10,1514.8463636363638,36.22860742108361,2326.7604761904763,2.545925128888295,2358.3680952380955,1.965135158323014,2342.5642857142857,2.241160015323488
1999-01-01,1999,1,-0.8614642247975713,-1.0115308727248327,0.25263987396675985,0.31419778670088544,0.5521798322584279,0.6146032352812988,0.3588813520260048,-0.3657654852843907,0,1455.232,23.30426335515268,2301.0342105263157,150.58591601975522,2332.981052631579,152.94726073224416,2317.0076315789474,151.76615526643852
1999-02-01,1999,2,-0.8614642247975713,-1.0115308727248327,1.1093144624089983,1.420017894879779,0.6888852809979304,-0.045561582466441215,0.9073305956195177,0.2794886863285064,0,1408.4654999999998,16.35297509548904,2348.0535,4.440647504943117,2379.3087499999997,3.7357476088956627,2363.681125,4.083506658289024
1999-03-01,1999,3,-0.8614642247975713,-1.0115308727248327,0.9147895523388693,0.5906528137456089,0.9437275837478493,-0.4856714609649346,1.1082770374381106,0.24941143659758602,0,1313.2439130434782,28.37717228194805,2378.8608695652174,17.00162128981295,2409.7669565217393,16.824355298949776,2394.3139130434784,16.910148375546473
1999-04-01,1999,4,-0.5433273180272408,-0.9653002784838138,0.7676066685243321,0.5906528137456089,0.32371818407330183,-0.045561582466441215,0.8899260230365392,1.8664158920314304,2,1186.1595238095238,55.46546425264906,2412.778,6.70405187770399,2443.9134999999997,9.005088780648787,2428.34575,7.840000885304687
1999-05-01,1999,5,-0.8614642247975713,-1.0115308727248327,0.3339491399208451,0.4524253002232472,0.1513784950774639,-0.11891469591578349,0.5460489878738756,1.6750095708521453,0,1062.5645,50.80654521396777,2436.6161904761907,11.299068756402127,2469.4014285714284,10.208374153465094,2453.0088095238093,10.74534619088179
1999-06-01,1999,6,-0.8614642247975713,-1.0115308727248327,-0.4234484513394876,0.03774275965616205,-0.22339687859186164,-0.4856714609649346,-0.21439527519755824,2.341380425285118,0,1161.8331818181819,63.17598476714627,2487.912857142857,11.392131996626784,2525.434285714286,14.384038574554879,2506.6735714285714,12.873642272377229
1999-07-01,1999,7,-0.8614642247975713,-1.0115308727248327,-1.8704328900983813,-1.6209874026121784,-0.7574517860706313,-0.2656165217156879,-1.1743782326088268,-0.6875593654511545,0,1113.3936363636365,35.44001982497769,2532.401904761905,13.797776132060974,2575.7238095238095,13.203461468944656,2554.062857142857,13.48606749310468
1999-08-01,1999,8,-0.8614642247975713,-1.0115308727248327,-1.4996637988726829,-1.7131395390521327,-1.1254607465247612,-0.4856714609649346,-0.7002409389292069,3.372085637645921,0,1056.3772727272726,21.785591171321943,2564.6236363636363,9.065936006337164,2608.623181818182,9.235564481865747,2586.623409090909,9.132020637291305
1999-09-01,1999,9,-0.8614642247975713,-1.0115308727248327,-1.1288947076469844,-1.8052916754920831,-1.4934697069788818,-0.7057264002141813,-1.6685809879261997,3.2664676662156347,0,1061.375909090909,39.05608039474609,2610.041818181818,20.269607235691016,2658.0781818181817,21.69763968650437,2634.06,20.962032741761078
1999-10-01,1999,10,-0.8614642247975713,-1.0115308727248327,-0.6531284389551596,-1.0220019714403241,-0.9833595104366475,0.24784426968275455,0.36778148805936617,1.3270136290776453,0,1021.4861904761905,46.87189760146159,2746.979523809524,75.96935135146171,2833.246666666667,95.39907737149935,2790.1130952380954,85.57230319262493
1999-11-01,1999,11,0.9280558757855382,-0.8815073264219674,-0.17736217026333478,-0.23871226738856136,-0.4732493138944133,1.2014149395796967,0.7949904588547954,-0.6124404080603438,1,922.4631818181817,27.817230594819595,3034.8309090909092,691.7728814871532,3144.867272727273,714.7767702222495,3089.8490909090906,703.2488931764458
1999-12-01,1999,12,-0.8614642247975713,-1.0115308727248327,0.5280831017010048,0.03774275965616205,-1.0197945476391574,-0.7057264002141813,0.5915578190517189,-0.22594473888030428,1,918.675,18.37949731163967,3412.755,24.3224839668115,3520.4404999999997,27.12434223796234,3466.59775,25.64884764391019
2000-01-01,2000,1,-0.5135019830175224,-0.9609661602737184,0.7091612690509157,0.6828035679104275,-0.1331729346133551,-0.045561582466441215,0.6295840181645047,1.0441087379958793,2,917.7138095238096,11.919264858283213,3490.418,33.84051722884569,3605.4565000000002,26.10879752416594,3547.93725,29.93460484187924
2000-02-01,2000,2,-0.8614642247975713,-1.0115308727248327,0.8903419926533539,0.6367281908280162,0.8399848977792171,0.06446588715818212,2.076617371241083,-3.2687911051978538,0,859.1252380952382,18.54693010151477,3613.9780952380947,47.364252091534595,3719.483333333333,51.965838811024184,3666.7307142857144,49.63457893157037
2000-03-01,2000,3,2.180719946193715,-0.5694508152950911,1.0715227162557963,0.5906528137456089,1.8131427301717895,0.17449335678280548,1.2478319678979513,2.252626712611174,2,932.8795652173912,36.23387860681325,3867.496,101.20029604699762,4001.9489999999996,106.4106857960182,3934.7225,103.77494928297617
2000-04-01,2000,4,-0.8614642247975713,-1.0115308727248327,0.7085461776215489,0.03774275965616205,1.2757046160854124,1.4948229922782856,1.1937188315971976,1.2473771025245999,0,911.3642105263157,22.88889767643051,4205.454444444444,93.06696837554364,4351.060555555556,94.249118358942,4278.2575,93.50761040512378
2000-05-01,2000,5,-0.8614642247975713,-1.0115308727248327,0.3148089153742328,-0.5151672944332848,0.9477761641247596,1.934932870776779,0.41050238513890663,0.22668678518850588,0,908.8640909090908,20.40170573146396,4285.194347826087,939.4261506116194,4438.948260869565,972.408282492737,4362.071304347826,955.9031944582536
2000-06-01,2000,6,0.5025477629802211,-0.5159966907039132,-0.7417194049894041,-0.7916223214780082,-0.19390091153710387,0.6146032352812988,-0.6501361303533252,0.3931625323449349,5,941.5709090909091,23.07095389055062,4916.231818181818,196.32560235332016,5087.649090909091,213.57824777571298,5001.9404545454545,204.93689849333916
2000-07-01,2000,7,-0.23844611570567395,-0.7399261315588477,-1.4447044752934661,-1.0680773485227315,-0.9226304404180523,-0.4856714609649346,-1.4905775349007486,-1.4877105071661767,6,936.6861904761905,13.62772522330509,5745.908571428571,189.23004830855302,5938.125238095238,184.78358262083415,5842.016904761905,186.85542680422796
2000-08-01,2000,8,-0.541406566452615,-0.7789823154560883,-2.018084363441125,-1.8974424296569017,-1.0347003863646373,-0.045561582466441215,-1.7953876772049544,-0.8652464837348034,10,877.8769565217391,17.21956536110298,6187.55347826087,89.42407951129668,6397.461739130435,96.18387460069094,6292.5076086956515,92.61743109634017
2000-09-01,2000,9,-0.5731526530369593,-0.9277379206629862,-0.969758902707639,-1.2892413701585095,-0.4459197567080149,0.2845208264074288,-1.1986514048572097,-0.3032080522000086,4,883.1228571428572,8.658314583599536,6352.13380952381,53.555956295840346,6568.923333333334,47.482275991504,6460.528571428572,50.411434470337454
2000-10-01,2000,10,-0.7023957714124061,-0.9999732241645779,-1.161705818053208,-1.8974424296569017,-0.6918660956785045,1.0547131137797923,-0.540037574880921,1.7229223091728527,1,878.1218181818182,22.51675072481516,6515.871818181818,43.41191910462256,6729.153636363637,40.26835736896653,6622.512727272727,41.69447633072666
2000-11-01,2000,11,-0.026354844525453624,-0.8294979079008215,0.25152971251305856,-0.10048475386619965,-0.10748094560936475,-0.7057264002141813,0.260494871760765,-0.8227404360152479,3,800.8704545454547,19.09238404063201,6664.926363636364,45.284496510863676,6878.962272727274,38.761805320851316,6771.944318181818,41.980825421666324
2000-12-01,2000,12,3.453267573275037,-0.3845284383310162,0.10153448296167257,-0.23871226738856136,0.6034516174945216,-0.8524282260140856,0.2720277532259104,-0.42130844641574,2,803.591,17.4365782797332,6545.37394117647,911.5852930007749,6744.168805882353,936.2892681044092,6644.771376470589,923.9348123088606
2001-01-01,2001,1,-0.8614642247975713,-1.0115308727248327,0.22084915534061886,0.5906528137456089,0.7086613946297441,-0.5590245744142769,0.30293742185254996,-0.22286117281090853,0,966.5813636363637,101.08316883567456,6786.499090909091,7.087007501383871,7005.030909090909,6.686876207910193,6895.764999999999,6.73373065777266
2001-02-01,2001,2,-0.5830944313735321,-0.9710791027639412,1.2171234090681244,1.6043221677596837,1.1355314063957394,-1.1458362787126746,0.6649703373083617,0.6779934455140537,2,1156.9375,50.70485545887361,6840.236999999999,40.76068695511217,7059.489500000001,37.467409764669824,6949.86325,38.997707971616265
2001-03-01,2001,3,-0.14565618456432758,-0.7514837801191023,0.42144609056621557,0.5906528137456089,1.2630919833176921,0.17449335678280548,0.8673403651991836,-0.38583693395467383,5,1124.405909090909,44.4131024917617,6968.9685,29.905887164658072,7181.558,27.519637505263052,7075.263250000001,28.620389183926967
2001-04-01,2001,4,-0.8614642247975713,-1.0115308727248327,0.6691724513968195,0.5906528137456089,1.8331829844185186,0.6146032352812988,0.8269084195704284,2.274490321394282,0,1081.6155,20.47548944855518,7017.904736842105,10.724412114641366,7225.586842105263,9.78523550652325,7121.745789473684,10.102881500833229
2001-05-01,2001,5,1.5643296893261993,-0.6590225916370648,0.19668773670003586,-0.23871226738856136,2.587418423928024,2.8151526277737657,0.6306793162411678,1.5149099960888692,2,1079.6263636363635,36.14681643697186,7044.058181818182,1.9935721381807272,7251.720454545455,3.9056241221539585,7147.889318181818,2.808132872082835
2001-06-01,2001,6,-0.8614642247975713,-1.0115308727248327,-0.2757969779967435,-1.0680773485227315,0.6198477121641068,1.4948229922782856,-0.7002409389292069,0.24523056460159698,0,972.1533333333334,17.27388761493294,7050.936666666667,29.12495344774545,7264.871428571428,7.46854690399308,7157.904047619047,17.360055344025163
2001-07-01,2001,7,-0.7819299981049888,-1.0057520484447053,-1.9294934794354757,-1.6209874026121784,-1.3477229995998103,0.17449335678280548,-1.420167167491877,0.3418709583272011,1,967.1122727272727,18.524237130187334,7000.250476190477,17.52875736502473,7242.780000000001,13.065633547593453,7121.515238095239,15.024082540723425
2001-08-01,2001,8,-0.8614642247975713,-1.0115308727248327,-2.3429176047951605,-3.0032625378357953,-1.3477229995998103,0.6146032352812988,-1.850948973168506,-0.9217956584849285,0,1034.1060869565217,29.956860155158584,6990.090869565217,3.0046447574675446,7222.8095652173915,3.68507984156806,7106.450217391303,2.089889339317472
2001-09-01,2001,9,-0.8614642247975713,-1.0115308727248327,-1.8704328900983813,-2.5609344945642394,-0.5606947148942415,1.142735089479492,-1.8631986927612114,0.08833830682101962,0,1019.7764999999999,45.680037707952984,6992.2095,5.158802875209167,7212.9655,7.919872722927173,7102.5875,5.218502381456286
2001-10-01,2001,10,-0.8614642247975713,-1.0115308727248327,-1.3979481754015977,-2.11860645129268,0.22633356981132713,1.6708669436776855,-0.7477086023509226,0.4914502297921357,0,1084.7782608695652,43.187247239326055,7005.154347826086,12.31434338340559,7214.292608695652,5.276117906008653,7109.72347826087,8.189855897664433
2001-11-01,2001,11,-0.8614642247975713,-1.0115308727248327,-0.9254634607048183,-1.676278408021124,1.0133618545168865,2.1989987978758725,0.36778148805936617,0.8945621527632514,0,1240.8263636363636,115.90691752007018,7051.897727272727,27.23015624036073,7245.019545454546,18.41114995432654,7148.458636363636,19.118208422601292
2001-12-01,2001,12,-0.8614642247975713,-1.0115308727248327,-0.4529787460080347,-1.233950364749564,1.8003901392224553,2.7271306520740657,0.36778148805936617,1.297674075734367,0,1336.789411764706,27.60266143657802,7126.1770588235295,22.60355441205665,7329.853529411765,24.64333021863553,7228.015294117647,23.42955328416677
2002-01-01,2002,1,-0.8614642247975713,-1.0115308727248327,0.01950596868874464,-0.7916223214780082,2.587418423928024,3.255262506272259,0.36778148805936617,1.7007859987054827,0,1384.2163636363637,30.901573630057353,6573.171249999999,2024.5572979732212,6754.346666666667,2080.34227002625,6663.758958333333,2052.4472926860517
2002-02-01,2002,2,-0.6114995123351687,-0.8843967385620312,1.664494894854175,2.2493829760139494,1.5509071883471177,0.6146032352812988,1.124736557610648,1.1101848341915632,7,1491.7755,37.78242691976483,7293.996499999999,102.16102456287729,7503.861999999999,98.4762674374954,7398.929249999999,99.98025987104435
2002-03-01,2002,3,-0.2218797990708315,-0.8256463215181165,0.8306045320495891,1.1435628678350556,0.9477761641247596,0.7613050610812032,1.2530533159390107,0.04273229732313464,4,1592.0285,30.657347925776403,7458.403157894737,41.72658212866667,7660.406315789473,34.605717929993,7559.404736842105,37.9823611281788
2002-04-01,2002,4,3.6984981055771673,-0.017573096542930065,0.3763301165145865,0.03774275965616205,-0.5825560651441987,-1.1458362787126746,1.199313234786183,1.3621966093141982,3,1569.2877272727274,23.952610342252743,6496.714285714285,2718.053200337645,6657.060952380953,2785.0373690740753,6576.887619047619,2751.5415196320496
2002-05-01,2002,5,-0.2848410812763471,-0.71825554050837,0.8261203896156104,1.1435628678350556,1.0953439675070498,1.0547131137797923,0.7479974720672984,0.9562061698772619,7,1605.2891304347827,48.31200734553403,7333.5885714285705,1680.5377704511307,7499.637142857143,1718.6270735972446,7416.612857142857,1699.5811298137342
2002-06-01,2002,6,-0.3763054419728171,-0.6590225916370648,-0.8664028713677199,-1.344532375567455,0.07330029222968852,0.6146032352812988,-0.6824405651460621,1.230301226361899,10,1658.655,57.12371693825699,7786.245,17.244609684127358,7983.914,32.36547468490134,7885.0795,24.5746426809165
2002-07-01,2002,7,-0.8614642247975713,-1.0115308727248327,-0.2757969779967435,-1.0680773485227315,-0.7191934666752194,0.17449335678280548,-0.7429618360087474,-0.19056641168840285,0,1868.5952173913045,42.1099849819241,6818.744090909091,2773.6280265602604,7003.430454545454,2848.7845833492493,6911.087272727274,2811.205348613502
2002-08-01,2002,8,-0.8614642247975713,-1.0115308727248327,-1.8999631847669285,-2.173897456701625,-1.5116872255801366,-0.2656165217156879,-1.483457385387492,-0.20150152508906902,0,1960.4681818181818,89.68905871777032,7993.1618181818185,8.005654332951183,8216.821363636363,15.91604649864952,8104.991590909091,11.900864152934005
2002-09-01,2002,9,-0.8614642247975713,-1.0115308727248327,-1.7523117114241844,-2.4503524837463484,-0.9404012284176447,-0.11891322888285887,-1.3410543951223508,1.7280167620187836,0,2163.937142857143,64.56454136310867,8017.199523809524,11.544021602626783,8238.05619047619,4.560603552371493,8127.6278571428575,7.856401620880691
2002-10-01,2002,10,-0.8614642247975713,-1.0115308727248327,-0.5710999246822317,-1.344532375567455,-0.3691152312551621,0.027790063949976428,-0.1484293516517755,1.0208573927390163,0,2205.2621739130436,163.0014739463899,7735.475217391304,1686.4332351765088,7922.549565217392,1727.1470332642325,7829.012391304348,1706.7865415937672
2002-11-01,2002,11,-0.44717655597334627,-0.6202120077717297,0.4730069225271747,0.5906528137456089,0.20217076590732982,0.17449335678280548,0.23012535907172285,0.2518917664534041,13,1814.0652380952383,65.07177657164782,8154.981904761905,29.76993846467348,8096.87,981.1273166108465,8125.925952380952,492.8022732410512
2002-12-01,2002,12,-0.8579293702779011,-1.0092193430127816,0.40787417593661274,-0.05440799450865662,-0.4939585134174998,-4.226605428202128,0.2008024519249232,1.043208373442052,9,2022.7240000000002,91.29987913752296,8227.827894736844,23.613744956637582,8402.875263157895,38.140313808709934,8315.351578947368,30.843144207274698
2003-01-01,2003,1,-0.7832555685498651,-0.9092456829665787,0.44605471047097095,0.31419778670088544,-0.027390727534359574,-1.585946157211168,0.22255662176455274,-0.2321430356478597,18,2184.728181818182,84.7944758216602,7934.817272727273,1772.4657200397467,8131.186363636364,1816.4719579960895,8033.001818181819,1794.4577024971352
2003-02-01,2003,2,-0.7185511612093369,-0.9284602736980021,1.0210753756161466,0.6367295731031519,1.5231259043598298,0.8346581745305455,0.9744860104122415,-0.8805899348280972,8,2239.2650000000003,128.73182461388893,7992.192,1881.2969919337427,8166.844999999999,1922.3514699573975,8079.5185,1901.811557432669
2003-03-01,2003,3,-0.7068152232756238,-0.8429827943584985,1.511364990641198,1.6964729219245025,1.1013297548501764,0.17449335678280548,1.3726412065251787,0.7332967786885863,15,1994.7190476190476,47.723910978121076,8463.249,15.336883269460056,8652.4315,13.272126024512254,8557.84025,13.931957817135737
2003-04-01,2003,4,-0.2805343029009438,-0.5894368790679114,0.3492609873423182,0.5906528137456089,0.960268364267595,0.39454829603205216,0.6557794070642032,1.189904852967377,10,1927.6771428571428,39.59755524560289,8505.913,59.97552694751053,8712.9825,15.678463899986461,8609.44775,31.062170446203027
2003-05-01,2003,5,-0.21517572654586922,-0.16628247115558703,0.559340581858687,0.7288803272679706,0.9349159676334011,0.6146032352812988,0.7168983127055373,-0.02816090258918643,18,1749.7247619047619,121.25932865635734,8548.7125,17.52249107350412,8737.8335,4.642763781016594,8643.273,9.679729144754162
2003-06-01,2003,6,0.384887339618373,0.709067826088842,-0.868043574539504,-0.7916223214780082,-0.4316055236235306,-0.11891469591578349,-0.8884502718639624,-0.822080287467952,19,1579.1090476190477,44.33031309440087,8585.429047619047,7.614550482308699,8754.016666666666,3.3364971651918314,8669.722857142857,5.372199403278055
2003-07-01,2003,7,-0.5580336936316161,-0.6587827704294396,-1.1231830823902742,-0.6073180485981035,-1.0580528670345695,-0.7057264002141813,-1.2349411991505883,-0.42958757314469465,16,1560.3130434782609,80.87642231065084,8597.822272727273,20.04174831548189,8770.132272727273,6.035424734979827,8683.977272727272,10.721345278870022
2003-08-01,2003,8,-0.5955216542942481,-0.5477802242446136,-1.435104441512185,-0.7916223214780082,-1.2830738728664766,-0.925781339463428,-1.5910470247496171,-1.0109335584249977,24,1571.4476190476191,109.69133205977415,8609.838095238096,13.51222506438065,8783.398095238095,8.093266719345909,8696.618095238096,6.578812483304562
2003-09-01,2003,9,-0.5630350621992766,-0.5995469321459943,-0.6739766256482375,-0.33086302155338004,-0.06561402585278103,0.6146032352812988,-0.9071321201568512,-0.4405914200703658,19,1631.584090909091,79.5881690573172,8847.302272727273,1081.9813388846353,9030.500909090908,1104.8195201885285,8938.90159090909,1093.400042817931
2003-10-01,2003,10,0.45585520684467307,0.9027537900737299,0.03893363870597494,0.03774275965616205,0.17692550815407612,-0.17759454601598798,-0.11225421473379375,0.1309298764951968,20,1481.9343478260869,63.10763380030581,8640.023913043478,27.94941627933806,8796.15695652174,25.912155525015223,8718.090434782609,25.37333545427337
2003-11-01,2003,11,-0.33689413964067694,-0.28735750806067495,0.5101394487957895,0.4524253002232472,0.09719876729133013,0.17449335678280548,0.2094769254832716,0.33850487411392605,19,1511.034,51.94618747977772,8234.208421052632,1994.167629469786,8347.663157894736,2021.657838991589,8290.935789473684,2007.8843559095449
2003-12-01,2003,12,-0.2663777786512834,-0.40619902938149377,0.4074940878818655,0.03774275965616205,0.21987427365802176,-2.3194640884082505,0.30032050605302735,0.7972115343360867,14,1627.2809523809524,55.492517054532854,8724.804,5.703230294270019,8867.483,8.162379103641614,8796.1435,6.74884709452229
2004-01-01,2004,1,-0.512737230837786,-0.6821378887575742,0.7082179976134677,0.7565258299724413,0.07486185628663994,-1.585946157211168,0.24260471190790733,0.10222249127271525,13,1624.2819047619046,54.108632917404854,8754.441428571428,12.682989902114114,8882.896666666667,6.857744041107249,8818.669047619047,9.292356081620186
2004-02-01,2004,2,-0.2861653261507787,-0.5935282866582418,1.063210992959984,1.005335354312694,0.0006874074248457623,-2.246110974958908,0.7127695829971898,1.21076289212781,10,1569.1245,39.25093662643779,8801.302105263158,17.98886309141309,8926.172631578947,24.662615397511814,8863.737368421052,21.174393823699763
2004-03-01,2004,3,-0.544532984600058,-0.5049215739710491,1.3739242914673795,1.420017894879779,1.1226712544195543,-1.3658912179619214,1.1697006838945974,-0.05866167258178777,22,1504.4265217391303,36.4875475157678,8843.437272727273,14.573165875552482,9012.392272727273,37.27627739586431,8927.914772727272,25.51291794540086
2004-04-01,2004,4,-0.5409346633742389,-0.5923262912079751,0.7280190102938583,1.051412113670237,1.6045832050912232,1.2747680530290388,0.8771097064450146,0.388328308464182,18,1437.3509523809523,38.67302223834615,8447.21761904762,1935.5097610704645,8637.38380952381,1979.0876701285274,8542.300714285715,1957.2985285970594
2004-05-01,2004,5,-0.24780386329918067,-0.25354271778550974,0.1741884645716178,0.31419778670088544,0.9220561569402127,0.6146032352812988,0.26097910295751287,1.2532418726557397,17,1413.7469999999998,37.532669713057636,8442.129,1987.0818166423164,8630.7775,2031.4762501296414,8536.45325,2009.2778319809831
2004-06-01,2004,6,-0.5839220844200518,-0.6888788872803427,-0.915620090670083,-0.9298498350003699,-0.476462241127273,-0.2656165217156879,-1.2118745396675463,-0.5631953419818884,16,1407.965909090909,21.046509643687212,8490.759090909092,1896.4428114810582,8677.100454545456,1938.1483028333957,8583.929772727273,1917.268985940355
2004-07-01,2004,7,-0.46241284110893066,-0.3156650787968788,-1.5623335217635796,-1.0680773485227315,-0.9236775875817215,-0.7057264002141813,-1.646072367044144,-0.39651950793016605,24,1559.4704545454545,112.08898677803467,8906.191904761905,6.7347914734219225,9104.445714285714,9.883582129687433,9005.31880952381,6.641522021488387
2004-08-01,2004,8,-0.5508208253856246,-0.49240175116815327,-1.7108557208317974,-1.4827598890898166,-0.9832179126127779,0.17449335678280548,-1.6802949752198055,-1.0903236513302572,23,1729.215,50.524396535120474,8914.23,0.8139615060502786,9109.286363636364,0.3552939152791953,9011.75818181818,0.4352901206985516
2004-09-01,2004,9,-0.16856772286798366,-0.30670501175054127,-0.47344261852292696,-0.5151672944332848,-1.2375810145828836,-0.9697923273132748,-0.606698042086781,-0.30134394993330255,14,1540.2886363636362,50.16939726428328,8917.017272727273,2.3118147516366787,9107.135,1.023447721231554,9012.076136363636,0.8119200227702039
2004-10-01,2004,10,0.20233309885279716,0.9208126159491281,-0.14980101470387372,2.5258380030586727,-0.5183372898493251,-0.2656165217156879,-0.2551168910387974,0.3347201882413917,25,1484.7138095238097,22.467591654690192,8923.514285714286,4.401172084147507,9109.595238095239,1.17176626955844,9016.554761904761,2.75125583878906
2004-11-01,2004,11,-0.30406185272705466,-0.40403197027644594,0.427024035114717,0.12989351382098072,0.735335558289383,0.17449335678280548,0.4482127538931995,0.4503811960941243,15,1662.226818181818,88.13142844564669,8940.402857142857,11.181478946390659,9109.515238095239,6.177854497354403,9024.959047619048,3.9981156871225667
2004-12-01,2004,12,-0.6872292061838744,-0.6823805993773395,0.3968961738404815,0.22204703253606678,0.5039013467005566,0.6146032352812988,0.33424792661079944,-0.4497622231373983,26,1648.5443478260868,51.640974994852364,8948.403,12.301251583734143,9111.4575,3.4154877512514044,9029.930250000001,4.516955330809076
2005-01-01,2005,1,-0.8614642247975713,-1.0115308727248327,0.6874531100011575,1.420017894879779,-0.9247429174848949,-3.6397937239037335,-0.0422013145588255,1.2198082814291882,16,1549.1333333333332,29.339381781716785,8954.085789473684,15.541696716964717,9113.232631578949,3.722060125649538,9033.659210526315,9.599324956468921
2005-02-01,2005,2,-0.7401745290913828,-0.8352767321809488,1.3237606498829855,1.6964729219245025,2.9449514367105496,1.7148779315275322,1.8235978233246202,-0.0758739321079696,20,1634.5985,46.36592115983473,8956.3735,5.140260361007774,9121.898000000001,10.682122596090414,9039.13575,7.657458571635936
2005-03-01,2005,3,-0.6120912848552029,-0.7941026091850415,1.4430398793284969,1.972927948969226,0.7648651066660137,0.17449335678280548,1.1865988244869248,0.5063464130282358,12,1757.591818181818,87.41074428000496,8973.195238095239,8.956957418145576,9122.056666666667,11.630471328941796,9047.625952380951,6.423080183807332
2005-04-01,2005,4,-0.47093309577637854,-0.38727337986407656,1.0295762749652444,1.1435628678350556,1.8290838787690142,0.5045757656566755,0.8338773197325952,1.4817064870666472,22,1585.9504761904761,28.92729705247109,8202.007826086956,2588.0873534961834,8325.907391304348,2627.1783333424087,8263.957608695651,2607.6321064586155
2005-05-01,2005,5,0.0357407665367553,0.7485834265163527,0.1195347795422252,0.521539056984428,0.4629103856343856,0.3211951825827099,0.11282405816928734,0.42819304156319593,27,1511.3942857142856,29.55335202162827,8986.958999999999,4.078677417213043,9122.544,2.5056996081564664,9054.7515,2.7989810646013016
2005-06-01,2005,6,0.5346036715294542,1.2200603630591023,-1.140676624076676,-0.6533948079556464,-0.35082017771096774,-0.7057264002141813,-1.0028471837018706,-0.4070430081774961,22,1539.0722727272725,63.567748631025985,8986.527272727273,1.2142337651215462,9123.05590909091,0.3196375788565492,9054.791590909092,0.6812897194426957
2005-07-01,2005,7,-0.7520218149424654,-0.8206852008736273,-1.2612827099329225,-0.23871226738856136,-0.9627107060015635,0.17449335678280548,-1.4708249079939695,-1.4760596899519969,24,1489.01,22.723188816713243,8989.494499999999,1.9112973686948043,9123.135,0.25149029488421076,9056.31475,0.8686203140615139
2005-08-01,2005,8,-0.38920854468324395,-0.49683121997887086,-1.8521523721144906,-0.9298498350003699,-1.7547707491650144,-0.4856714609649346,-1.9864942488505164,-0.9646917546387395,15,1481.9308695652176,39.76815730673377,8992.492608695651,1.2932770827042608,9124.120869565217,2.5509925217162484,9058.306739130434,1.23230715686225
2005-09-01,2005,9,-0.3391162749743224,-0.13861346050233725,-1.0155680183980174,-0.4045852836153938,-0.3464802464513966,0.6146032352812988,-1.1000954141753372,0.12826616470212504,23,1504.1563636363637,76.24419687802985,8990.624090909092,1.1827556970739124,9075.124545454544,212.52496070158932,9032.874318181817,106.1233399589212
2005-10-01,2005,10,0.4135503835652691,1.5824013136595068,-0.19001829450096386,-0.10048475386619965,-0.4458123318703001,0.08647138108310554,-0.5716628903234875,-0.8577202962136378,28,1452.5466666666666,22.109440140657863,8565.325714285715,1962.5631647734845,8687.685238095237,1990.604760264124,8626.505476190476,1976.5827973379364
2005-11-01,2005,11,0.17491314397235125,0.3438952515911753,0.24163001027728168,-0.15972630161161494,0.025058169252440428,0.2845208264074288,0.09896180961923169,-0.6117645882632391,18,1433.9654545454546,33.14475994313892,8996.09761904762,17.048857118516874,9121.262857142858,3.3598886035954876,9058.680238095238,8.353826140786191
2005-12-01,2005,12,0.2798519282409897,-0.596900230625696,0.35047787683603276,0.1068565164173429,0.33984726472078175,0.2845208264074288,0.3340654021860073,0.508904680249797,5,1517.6090476190477,18.37923363602573,9022.078947368422,13.236882771146291,9136.786842105264,4.870796253217646,9079.432894736843,8.481893184208246
2006-01-01,2006,1,-0.5830944313735321,-0.991304987744387,0.513914779519129,0.5906528137456089,1.3242866089684735,-1.8060010964604147,0.42175686095115283,-1.3009162493315636,1,1577.7828571428572,35.65434197161081,9020.617,5.172082040297977,9142.4555,1.228968223647104,9081.536250000001,2.497343259398254
2006-02-01,2006,2,0.7349013252464086,-0.1996060613669414,0.9836441340420735,1.420017894879779,0.5520757227827606,-1.585946157211168,0.8250815330113002,-1.2390510813239657,7,1545.0745000000002,26.0467665383874,9025.6835,7.1594643103054,9148.482,3.3468376275598892,9087.08275,5.240490755192571
2006-03-01,2006,3,1.2455326484743199,0.5193779190936619,1.0100012690296543,0.7565258299724413,0.4292065066167765,-0.11891469591578349,0.8130889459323899,0.7113850416901156,10,1544.1330434782608,24.52187250650518,9042.688636363637,6.31138826736832,9157.421363636364,3.6509598156860084,9100.055,4.889378429675405
2006-04-01,2006,4,-0.10942304202407659,-0.1918999991893914,0.9143207237558912,0.6828035679104275,1.4522812225808002,-0.2656165217156879,1.0520524085230774,0.1521463548969216,15,1552.3736842105263,31.239076172591208,8576.278421052632,2076.84113863997,8680.624736842105,2102.1095119093216,8628.451578947368,2089.475238957574
2006-05-01,2006,5,1.5590971744122137,2.3300742672588024,-0.2304077666908371,0.521539056984428,-0.8794180426144376,-0.2656165217156879,-0.14130920213851875,2.0169009106397393,19,1594.4545454545455,28.91409208694136,9064.797142857144,10.588015934469531,9167.748095238096,5.845309760010533,9116.272619047619,8.214303168718097
2006-06-01,2006,6,0.27300403132275813,0.22489770201479287,-0.23383287504669845,0.521539056984428,-0.3238574084980933,-0.11891469591578349,-0.31587148690421313,0.04017350287905094,15,1606.645909090909,49.61819545854922,0.0,0.0,0.0,0.0,0.0,0.0
2006-07-01,2006,7,-0.2783079126551708,-0.41833456036976113,-1.1061193810300576,-1.0680773485227315,-0.23972222163322557,0.4679014094813944,-1.1304356870024588,-0.6918449185425459,14,1676.6552380952382,103.58889673218091,1438.5263157894738,3413.1684577126516,1455.5263157894738,3453.5043225415907,1447.0263157894738,3433.336316343705
2006-08-01,2006,8,-0.3072100825336361,-0.850446145916283,-2.3675261836856167,-2.726807510791072,-0.801175579665392,0.6146032352812988,-1.995218131652852,-1.4861940872432813,4,1610.787391304348,31.38669060972868,7540.126086956521,3537.4419129644557,7624.611739130435,3577.0459469393204,7582.368913043479,3557.2406735079076
2006-09-01,2006,9,0.03771660292764618,-0.6195329959188147,-0.913774262688955,-1.0680773485227315,-1.1603353127651475,-0.2656165217156879,-1.4122558902549245,-0.18954323576069007,6,1567.4214285714286,23.141181319395557,9157.996666666666,1.9843344812131736,9202.118571428573,218.16107600316136,9180.057619047619,109.12070668094015
2006-10-01,2006,10,0.25382254495978074,-0.12014722751519036,-0.32460391076755485,-0.23871226738856136,-0.6800240527307843,-0.7057264002141813,-1.2144174502079887,1.3587123600137347,11,1529.6272727272728,22.82111473881316,9166.446666666667,7.950307750856002,9253.593333333332,7.422606235907348,9210.019999999999,2.312118076568509
2006-11-01,2006,11,-0.3814183565459119,-0.7673755468894524,0.4924593713480504,0.31419778670088544,-0.022345724877799535,-0.5590245744142769,0.24958694917810087,0.6149812019741844,7,1581.18,21.67973620468575,9168.31380952381,2.4191082575821095,9254.135714285714,5.066316779898681,9211.224761904761,1.7144295524968087
2006-12-01,2006,12,-0.5433273180272408,-0.9653002784838138,0.5345282291328692,0.4524253002232472,0.38684591734995677,-2.9062757927066483,0.6060326448491243,-0.2108553934288038,2,1702.503,37.02315962233715,9167.365294117646,25.583374512964298,9258.18,8.088256919757056,9212.772647058824,12.033638804104731
2007-01-01,2007,1,-0.8614642247975713,-1.0115308727248327,0.7577633354024651,1.1435628678350556,-0.6468561795550946,-1.8060010964604147,0.1321275073947925,1.4137215184284724,0,1701.9895454545454,20.65186500912153,9162.276666666667,12.112614636540401,9685.705714285714,1944.4101409876762,9423.99119047619,972.2348881673408
2007-02-01,2007,2,0.1327136088597117,-0.5058837482136903,0.7003432523685201,1.1435628678350556,2.3766072762390342,1.604850461902909,1.4027461797385261,-0.18794339559259612,7,1813.8775,49.87011138157318,9170.704,4.474749507837838,9276.972,3.1685736455649143,9223.838,3.7882291377365513
2007-03-01,2007,3,-0.7421628847586974,-0.9768579270440686,1.003849124307037,1.420017894879779,1.7961128115881861,-0.7057264002141813,1.4633657841315146,0.9712717357521237,4,1924.2022727272727,71.21565484209728,8736.183,2056.316031908827,8831.6575,2078.7634202443655,8783.92025,2067.5366954259434
2007-04-01,2007,4,1.0142179547025028,-0.1938272370868139,0.5838627768661115,0.5906528137456089,2.188760434457603,1.4948229922782856,1.1367576354911375,0.25905174546030807,6,1977.1995,44.55756294419962,7038.769411764706,4024.570499060227,7116.120000000001,4068.7973082349536,7077.4447058823525,4046.6838973814683
2007-05-01,2007,5,0.6863941869888447,0.4505116701473844,0.34556951594441176,0.6828035679104275,1.3667957616499078,0.17449335678280548,0.7688832914405173,0.4491849571863695,13,2004.8377272727273,36.18871738563436,7455.020952380953,3705.5194795303732,7536.94380952381,3746.239643333667,7495.982380952381,3725.8795371880374
2007-06-01,2007,6,0.2979000796827679,0.08355632835929842,-1.3272545291656594,-1.6209874026121784,0.5189466500223632,0.17449335678280548,-0.5958121268690986,0.0029294095959593947,13,2016.692380952381,64.7215403791322,4826.825714285714,4715.851771656496,4875.969047619048,4763.883403449233,4851.397380952381,4739.858355186792
2007-07-01,2007,7,-0.05949410564736305,-0.6619120037771286,-1.6046602380814403,-1.6209874026121784,-0.6620544182275353,0.17449335678280548,-1.2545953858888728,0.8837766839503288,6,2152.645909090909,56.813556787517264,0.6586380952380952,0.4268464788143279,0.6655190476190476,0.43130966441646956,0.6621142857142857,0.42910012967338323
2007-08-01,2007,8,-0.8018135547781343,-0.972523808833973,-1.5226316417799177,-1.8974424296569017,-0.4396134403241548,0.6146032352812988,-1.225351965531924,-0.3776902735836334,9,1902.0930434782608,53.099445591591575,0.8435826086956522,0.26618843744469634,0.8541521739130434,0.2695222606248545,0.8488869565217392,0.26786085652535724
2007-09-01,2007,9,-0.048723845782742456,-0.5391119878244225,-0.5710999246822317,-0.7916223214780082,-0.4459197567080149,0.17449335678280548,-1.1867844890017778,0.7521010429984452,8,1938.0814999999998,53.79923686359567,0.8357849999999999,0.2858399336305107,0.866145,0.30810250596872873,0.850985,0.29414907834204357
2007-10-01,2007,10,-0.8614642247975713,-1.0115308727248327,-0.2757969779967435,-0.699470645796435,0.4148924296886988,1.2747680530290388,-1.76826336591778,2.498302151211388,0,1914.6843478260869,41.28092161432527,0.9335444444444444,0.0022976259415580526,0.9482277777777779,0.0026709340854631884,0.9409222222222221,0.002483961626007408
2007-11-01,2007,11,-0.8614642247975713,-1.0115308727248327,0.01950596868874464,-0.6073189701148579,1.2757046160854124,2.375042749275272,0.36778148805936617,4.24450325942433,0,1966.8377272727273,24.56002693728513,0.8572363636363637,0.2774717412389002,0.8754181818181818,0.2833733439027603,0.8663545454545454,0.28042996193307085
2007-12-01,2007,12,-0.8614642247975713,-1.0115308727248327,0.3148089153742328,-0.5151672944332848,-1.3477229995998103,0.6146032352812988,1.032328775963368,1.5302347958936466,0,2113.1305,32.18117944176628,0.9483470588235294,0.0016097816804844373,0.9700764705882352,0.000493114352565327,0.9592470588235293,0.0010131125597995763
2008-01-01,2008,1,-0.8614642247975713,-1.0115308727248327,0.511677546497893,-0.23871226738856136,-1.0197945476391574,-0.2656165217156879,-0.3188043578618612,3.6441873422265,0,2215.8513636363637,61.380628190818896,0.9570000000000001,0.0011884363476353584,0.9787,0.006684309986827366,0.9678727272727272,0.0032933094974337673
2008-02-01,2008,2,-0.06612195787174487,-0.9537426299235592,0.610111862059721,0.03774275965616205,2.6967279079149113,1.4948229922782856,1.1713412188412444,1.7879194098481905,1,2523.0733333333333,133.63590188767884,0.96067,0.0013985330660525924,0.98249,0.0010740479260110012,0.9716099999999999,0.0012247018971334308
2008-03-01,2008,3,-0.8614642247975713,-1.0115308727248327,0.610111862059721,0.03774275965616205,1.2757046160854124,1.0547131137797923,1.088696626276653,1.445865367459515,0,2670.4055,186.62710048805602,0.9098611111111112,0.2270731059758428,0.9296388888888889,0.23200937896581808,0.9197722222222223,0.22954635006914256
2008-04-01,2008,4,1.7233981427113647,-0.6359072945165554,0.46246038871697687,0.03774275965616205,-2.6594368074424217,-0.2656165217156879,0.8636490434469205,1.5881110654765163,2,2628.33,160.68371802424568,0.9684363636363638,0.003906715275320718,0.9889272727272727,0.0033159329389194584,0.9786999999999999,0.0036141257258021312
2008-05-01,2008,5,-0.8614642247975713,-1.0115308727248327,-0.40540224218174514,-0.4598762890243393,-1.8505461887015424,0.10114244388285638,0.36778148805936617,0.33307793562682386,0,2689.620476190476,57.80591920177303,0.88297,0.3019868646498596,0.90099,0.3081617840646285,0.891995,0.3050790604606926
2008-06-01,2008,6,-0.4666335994308218,-0.8107167289904076,-1.2732648730804714,-0.9574953377048406,-1.0416555699606633,0.4679014094813944,-0.6480263904961598,-0.921955194222869,7,3021.7599999999998,123.84944400359666,0.9981904761904762,0.007009201435392303,1.0229238095238096,0.009632595951346723,1.0105857142857144,0.008078445748675191
2008-07-01,2008,7,0.837473966270943,1.5807514593275303,-1.3482387968257195,-1.0680773485227315,-0.4853491710679371,-0.2656165217156879,-0.9607881107033414,-0.6254727426394135,21,2953.6821739130437,133.30863765087372,1.0220909090909092,0.011932664616441858,1.0552818181818182,0.014456490925190984,1.0387136363636364,0.01319048341850476
2008-08-01,2008,8,-0.08019339797889424,-0.2735750121525713,-1.4357676237836106,-1.0680773485227315,-0.7824371232947324,-0.11891469591578349,-1.177389398126514,-1.4922850385060464,13,2810.4709523809524,111.7366124824252,1.0586857142857142,0.008030708917292639,1.1019095238095238,0.012537141012284564,1.0803333333333334,0.010228114847484591
2008-09-01,2008,9,0.40445555005936895,-0.45965315397267165,-1.3044354771835456,-1.0680773485227315,-0.8315395681272664,-0.045561582466441215,-0.7773759394571548,-0.8120128667324982,6,2678.963181818182,81.24164826739715,1.0876904761904762,0.009231354438104168,1.1343761904761904,0.006872474427882983,1.1110619047619048,0.008017760048197759
2008-10-01,2008,10,-0.20678265634572696,-0.5834182335801588,-0.36602826987123155,-0.6533948079556464,0.2651996499377003,1.0547131137797923,-0.1884801036619783,-1.1665271682627671,9,2252.2765217391307,187.7297785408279,1.0714826086956522,0.233826905000208,1.1044478260869566,0.24084980206375553,1.0879826086956523,0.2373306432579851
2008-11-01,2008,11,-0.2848410812763472,-0.7601520165392933,0.11137791451785495,-0.33086302155338004,0.6826223998660313,0.6146032352812988,0.5263747014967218,-0.7432716472487519,6,2067.723,105.55678726588243,1.1508142857142858,0.009583907643247047,1.180752380952381,0.009426113676782043,1.1658142857142857,0.009482788920686103
2008-12-01,2008,12,0.33723019178349567,0.20780105038203617,0.2042596449872205,0.03774275965616205,-0.09938713211619975,-0.7790795136635236,0.34622424777433625,0.6413677548402137,14,2457.0854545454545,178.86872591844661,1.1770631578947368,0.009553661923071692,1.2121315789473683,0.013521589840431596,1.1946315789473685,0.01154147365092896
2009-01-01,2009,1,-0.14565618456432758,-0.6474649430768101,0.4500387655675954,0.959258594955151,-0.8190629836250011,-3.6397937239037335,0.6673637081605003,0.6537772321999601,7,2626.005238095238,119.67379582093336,1.164014285714286,0.26763483197393106,1.1995904761904763,0.27535042928014825,1.1818238095238096,0.271457653980804
2009-02-01,2009,2,-0.34733225939194784,-0.4885472753733083,1.1137265274872452,1.1435628678350556,0.9156579571894063,1.1647405834044156,1.0673907994552916,-0.5094536130953898,14,2647.5860000000002,152.8140347784299,1.22296,0.2884017691018082,1.262,0.29770433937752827,1.2424849999999998,0.2930506194373791
2009-03-01,2009,3,0.08091978423426342,-0.052922164664468974,0.8921939221144839,0.8671078407903323,1.0629639263622779,0.4679014094813944,1.2571152188333383,0.0380046792848998,14,2509.972272727273,147.04745748135733,1.333552380952381,0.01420906819772562,1.3733952380952381,0.013185767940870119,1.3535,0.01369766403442584
2009-04-01,2009,4,0.11782541342460402,-0.08653469608982967,0.48185991311364273,0.08381951901370509,0.7227989757802853,-0.4856714609649346,0.7057734518830219,0.7594915054261154,13,2555.1661904761904,111.70494865833797,1.36447,0.008267316754291458,1.4034900000000001,0.010414357498437493,1.384005,0.009313175443537295
2009-05-01,2009,5,0.9785123891993125,2.330709937929616,0.3534795745000661,0.3602745460584285,0.03260112974977033,0.17449335678280548,0.5799586820665822,-0.044774934163646224,25,2480.7365,87.36901596254313,1.3898263157894737,0.005623447154080567,1.4311842105263157,0.005486170811726362,1.4105263157894736,0.0055491583050708455
2009-06-01,2009,6,0.7166340176799804,1.7403568071203672,-0.6448376610754912,1.051412113670237,-0.8390436642029587,-0.7057264002141813,-0.4046022205264592,1.3166098457219007,24,2700.364090909091,106.26048809452436,1.421609090909091,0.01166292085816074,1.4624454545454546,0.011388328497809602,1.442059090909091,0.011527551224325123
2009-07-01,2009,7,0.372986507698004,0.24417297040115776,-1.613636463317526,-1.0680773485227315,-0.5319359362047161,0.17449335678280548,-1.2738285158592912,-0.2780422401754676,14,2791.352608695652,159.54732003154732,1.439390909090909,0.004495067041282941,1.480527272727273,0.004756267225679943,1.4599772727272728,0.004559023686020563
2009-08-01,2009,8,-0.7070986007796175,-0.7087002545611795,-1.7469171375598531,-1.6209874026121784,-0.9870731682298666,0.526581259581599,-1.634703096047167,-1.2223615604359082,27,2956.6652380952382,69.20155486830096,1.4536,0.0027411676344215393,1.4879809523809524,0.004985340414416925,1.4708095238095238,0.003806429397992938
2009-09-01,2009,9,0.6244654476846698,1.5796332568293259,-0.9704215170887786,-0.8952929566197795,-0.7935307476290583,0.4259853446532024,-1.075625474283425,-1.1555176471327653,24,3142.8636363636365,96.43015446896835,1.4458,0.0020520721234889546,1.475152380952381,0.002738178052578152,1.4605000000000001,0.0023706539182261044
2009-10-01,2009,10,-0.07391042066341855,0.5334724715128927,-0.41206361412030984,-0.618837929575056,-0.31399348462734306,0.8346581745305455,-0.7007934165949864,-0.8630206795910699,27,3372.502272727273,117.55694174199841,1.4393318181818182,0.001048984254108714,1.4688363636363635,0.0012093073399364214,1.4541181818181819,0.0010012546242144911
2009-11-01,2009,11,0.050989009564015295,0.6459023872949101,0.23225743094053253,0.03774275965616205,-0.20286526086389117,0.4679014094813944,0.06525416740553101,-1.6197402111860757,25,3384.1299999999997,66.24485497002777,1.4291800000000001,0.003295866629902525,1.4533749999999999,0.004999671041810161,1.441315,0.004081057009622613
2009-12-01,2009,12,-0.27738474752391756,-0.5022719830386108,0.4202928375789271,0.14832477047405299,0.16635082636957382,0.5412501218319565,0.864287456395557,-0.30506421285664864,12,3497.5849999999996,67.86954536531984,1.424555,0.0011151941063047366,1.446275,0.002107599033073047,1.43545,0.0013164945479328958
2010-01-01,2010,1,-0.23430370806543527,-0.46470962521778303,0.813486454584708,0.9066022059539411,0.3028502086021418,0.39454829603205216,0.6815820495646384,-0.38632097589700687,12,3525.1230000000005,67.76663106030284,1.4197,0.0017115705314741454,1.439225,0.002163786885118407,1.4294850000000001,0.0019115369952504475
2010-02-01,2010,2,1.2696915313514046,0.6917775838427008,1.633008392316853,1.2126766245962366,1.4843257528555598,1.1647405834044156,1.4787065285147012,0.82842688157823,11,3276.5465,77.63286480371302,1.419695,0.0005020746432236815,1.4390800000000001,0.0006970615014775056,1.429415,0.0005714938872444181
2010-03-01,2010,3,0.13327631351356178,0.43399290094264065,1.253461533497291,0.9855881717308875,1.1112593190660627,0.8786691623803924,1.5654414740567468,-0.5453735879870586,20,3089.6460869565217,51.90721229788374,1.4176272727272727,0.0028281210013484316,1.4369954545454546,0.0025332977327187107,1.4273454545454547,0.0026647124874349384
2010-04-01,2010,4,0.8069422915813117,1.5341654673932839,1.0989279035371078,1.1435628678350556,1.2378161079337182,-1.1458362787126746,1.6455636722831253,0.9991646181593703,21,3221.2376190476193,131.2588409938456,1.4128,0.0006130166993517857,1.431645,0.001267187104533187,1.42225,0.0008798923379117076
2010-05-01,2010,5,0.015339166222071578,0.3900247164072915,0.38883973994207627,0.9776898516082232,0.6650315160999778,-0.045561582466441215,0.9637324486023697,0.5098524925380887,22,3178.4855,132.6800341333675,1.4121368421052631,0.0005804313781967048,1.4290684210526317,0.0012636159013715326,1.4206263157894738,0.0009054416388721412
2010-06-01,2010,6,0.5013729761734492,1.3649846077682757,-0.5164070001552218,-0.44605353767210393,-0.06925159704922747,-0.4856714609649346,-0.26384355758991085,0.6685352772553835,24,3230.831818181818,51.02337910785997,1.4125954545454544,0.0011499388276597436,1.4308227272727274,0.0020614215664095607,1.4217363636363638,0.0015716371368872408
2010-07-01,2010,7,-0.2174177481937714,0.017966672779853143,-1.086905581657775,-0.5546616595968936,-0.9566505188064889,-0.33896963516503015,-1.141653997705055,-0.5587389762091853,22,3229.546363636364,57.980556063091306,1.4216285714285715,0.003803306831843033,1.4424619047619047,0.005173922708204653,1.4320714285714284,0.004477850249521851
2010-08-01,2010,8,0.2980981172472248,0.926262047245288,-1.244136155264303,-0.63364762537384,-1.1806032820904904,-1.585946157211168,-1.2301178720609547,-0.807660986951749,23,3071.7136363636364,143.9715265019093,1.4239272727272727,0.0007484471659195675,1.4435363636363636,0.0010172537514333926,1.433759090909091,0.0008721397282705853
2010-09-01,2010,9,-0.284960382616386,0.16132774552125226,-0.9803323382917741,-0.7916223214780082,-0.7820635292782244,-0.2656165217156879,-1.0710087693390289,-0.8994709399273458,28,2874.9295454545454,56.38127116231761,1.4235250000000002,0.00027505980211007836,1.442835,0.0003216323497739134,1.43321,0.0002989455151906992
2010-10-01,2010,10,-0.025708628933576352,0.6887581481563344,-0.18347027547317246,-0.5151672944332848,-0.6995442124527121,-1.1458362787126746,-0.2559863301990388,0.04282752549246162,28,2927.456666666667,52.948102641486074,1.4212666666666667,0.0016100724621374283,1.439495238095238,0.0006232785817563224,1.430395238095238,0.0008902113178769245
2010-11-01,2010,11,-0.011603139146043684,0.2852084016143419,0.0268739002514429,0.31419778670088544,-0.3348713774498646,0.06446588715818212,0.017102874695221648,-0.15541702178086056,21,2910.310454545455,42.46387545704191,1.4241190476190477,0.001462401807855492,1.4425999999999999,0.0023377339455121046,1.4333857142857143,0.0017399096856693362
2010-12-01,2010,12,-0.05140184691572031,0.10676697608042988,0.45440143707331887,0.03774275965616205,-0.10879234627598526,0.3505373081822053,0.4032948185642108,-0.34066476557340997,19,3060.0208695652173,72.36510182985887,1.43346,0.0051206907428794435,1.45633,0.006832207010298849,1.444915,0.005974795746343554
2011-01-01,2011,1,-0.8614642247975713,-1.0115308727248327,0.4993265991870869,0.31419778670088544,-2.5787554773116987,-2.246110974958908,0.21150545607960702,1.355720268392823,0,3164.8630000000003,177.6990764748089,1.44997,0.006390049830956178,1.47873,0.00938812800128017,1.46438,0.007888272441115467
2011-02-01,2011,2,1.4881074950737432,0.18348086839912015,0.19703914720659402,-0.2847890267461044,-1.8095552961706864,-1.7326479830110724,-0.14268418212230288,3.128955290759228,7,3472.2699999999995,111.08585802266464,1.49069,0.007069943794908024,1.528895,0.008872457382258779,1.509825,0.00772731825204708
2011-03-01,2011,3,0.30768890758339346,-0.586787288135473,0.6630955386153842,0.09303376506510752,-0.6441272085805047,-0.2656165217156879,1.3825175888832475,0.2770849508332431,5,3392.9669565217396,206.09097489027806,1.4957090909090909,0.004403668285905936,1.533090909090909,0.006470070956474787,1.5144318181818184,0.004584174263665482
2011-04-01,2011,4,0.4517960892140542,-0.15275713292794893,1.369964733264553,1.1435628678350556,0.38756451214455606,0.3505373081822053,1.202393167346206,1.117164389025863,9,3134.367,76.12871856616478,1.4978631578947368,0.002516216411447906,1.5377263157894736,0.003295930505143699,1.517821052631579,0.0015795846667077524
2011-05-01,2011,5,-0.3535330885658731,-0.4948548620750673,0.12128845718418489,0.1068565164173429,0.02051911479177978,0.5412501218319565,0.5643895334586568,0.08929055972617989,14,3070.764285714286,103.76674344757248,1.489895,0.0009377885520847681,1.5232350000000001,0.002012925339165062,1.506585,0.0014316993950878895
2011-06-01,2011,6,-0.0755359181584487,0.24476241047773076,-0.47531233415824337,-0.5151672944332848,-0.19387353862049578,0.2845208264074288,-0.5838867455836844,-0.40725052939194,22,3015.6386363636366,71.1914399813863,1.4909045454545455,0.0015484177093398812,1.5218909090909092,0.00047600429260675857,1.5064363636363638,0.0010149104837585568
2011-07-01,2011,7,-0.19626887427778927,0.05177279481859796,-1.2349749086700774,-1.4827598890898166,-1.3452074240083265,-1.1458362787126746,-1.507230710194318,0.2579296961878758,22,3167.1838095238095,72.19990668111632,1.493465,0.0011356774004507247,1.5226250000000001,0.0005919414978205239,1.508085,0.0002796143961356493
2011-08-01,2011,8,-0.33331719244547625,-0.2824195027133061,-1.624491915442758,-1.344532375567455,-1.800498404220215,-0.7686004974564755,-1.9129156114141566,-0.8923487032759301,19,3064.308260869565,78.01811768907956,1.495059090909091,0.00256025651447533,1.524909090909091,0.0025500530509719546,1.5099954545454546,0.0025187822592006434
2011-09-01,2011,9,-0.44095185560638206,-0.5226712327474603,-1.1259508846837591,-1.1786593593406225,-1.0281228372241178,-0.045561582466441215,-1.1166510637638591,-0.693508976203319,16,2873.884090909091,146.38382979456685,1.5080857142857143,0.0069314706747043734,1.537495238095238,0.00797442638629729,1.5228190476190475,0.007455039842121499
2011-10-01,2011,10,-0.18452137977992494,0.21810758348564344,-0.5296909912719595,-0.5612440537908278,-0.623891928761563,0.02779153098290105,-0.4400515249678255,-0.15644067242825818,25,2680.0433333333335,44.78640433583971,1.5316476190476191,0.007855037813252013,1.5641809523809524,0.008347431883377084,1.5479476190476191,0.008088115914576074
2011-11-01,2011,11,-0.036296622862026354,-0.29206724984897864,0.5814163519085844,0.25890678129194,-0.1742598919623912,0.7613050610812032,0.11587515517601435,0.2344672517860601,12,2527.4263636363635,129.2785459144951,1.544157142857143,0.005797117510329817,1.5774571428571431,0.0035337758033823705,1.5608285714285715,0.004373801876759416
2011-12-01,2011,12,7.672558299316545,2.0888083535634854,0.5501199804823371,0.2036157758829945,-1.7471155488026233,-2.290121962808755,0.2034100375904989,0.5966773744012703,5,2196.845238095238,58.70626343236703,1.484415,0.34941439170643646,1.51831,0.3574146212365748,1.501395,0.35342092017280113
2012-01-01,2012,1,-0.5671875860350155,-0.9046226235424768,0.7199449608493514,0.42477979751877637,-1.4372789481164598,-2.5541878899078547,0.07284743936983246,0.5057899951795161,5,2307.62,125.23671410572832,1.5934857142857144,0.034401355870289335,1.6293380952380951,0.033057729446991195,1.611457142857143,0.03372193012608517
2012-02-01,2012,2,0.034621395938859864,-0.8162066120565284,0.7552380522538853,0.6828035679104275,-0.17880563616346612,-1.3658912179619214,0.370846055180251,0.4476492327852947,3,2356.2400000000002,73.34577826978204,1.6531571428571428,0.005884264731346906,1.6877380952380954,0.006263343850570196,1.6704857142857141,0.0060616240162423216
2012-03-01,2012,3,-0.34567624317188445,-0.48686274809565117,0.9696574726250613,0.6828035679104275,1.1351636065406978,0.5517291380390046,1.0568437728395133,0.6194321159058418,14,2359.2504545454544,49.29811871975796,1.6822333333333335,0.018889238558854972,1.7164857142857142,0.01862660156105481,1.6993809523809522,0.018748323099616486
2012-04-01,2012,4,-0.09218406815532487,0.05046678053128934,0.3848895954671612,0.3487546650814759,0.5247796798841388,0.17449335678280548,0.6479592290030454,0.017810102386200267,19,2266.7825000000003,74.70922361677326,1.7378578947368422,0.019975299074091915,1.7735894736842106,0.02228611662340578,1.7557578947368422,0.02112006196827711
2012-05-01,2012,5,0.9442369049055473,1.4812545522844376,0.19272850129800417,0.36948879210983093,-0.24669769913640954,0.10114024333346319,-0.13672638910580506,0.32919547156821705,19,2313.9343478260867,88.5276922686848,1.8094619047619047,0.023205806949780472,1.851804761904762,0.025361101635979308,1.8306666666666669,0.02422846122504146
2012-06-01,2012,6,0.5931559611187649,0.7852038359795196,-1.3822791901197877,-1.2892413701585095,-1.1256166218489245,-0.35363849741538783,-0.9524909187086634,0.6899700852473551,17,2264.209523809524,58.34755011790902,1.7775190476190477,0.40741220970786773,910.1983142857143,4162.766342465911,455.98793809523806,2081.39404360538
2012-07-01,2012,7,-0.27872306383845624,-0.4610978600427034,-1.8629802311985588,-1.4981197303924214,-1.6859237138685772,-0.4856714609649346,-1.5975417286367173,-0.8061052845021063,13,2349.8186363636364,55.58636628796289,1.8964095238095235,0.00815487000275931,1.9326190476190477,0.0067940134712568155,1.914542857142857,0.007464286397812558
2012-08-01,2012,8,-0.7204547193555454,-0.8373571089217946,-1.6782887434689449,-1.2892413701585095,-2.0813977109695507,-0.4542344123437843,-1.9294202959896316,-1.218024823112363,17,2512.2608695652175,64.78838784234013,1.9099095238095238,0.0018806660420991011,1.9425809523809523,0.00245328739605027,1.9262666666666666,0.0020411598010281144
2012-09-01,2012,9,-0.3608703792062727,-0.21133996406773983,-1.0356380370837086,-1.0680773485227315,-1.0309211600141817,-0.2656165217156879,-1.3355617693848354,-0.9881922906186675,22,2620.284,64.77533313814685,1.8937,0.010251503954705253,1.925021052631579,0.007768853694033205,1.9093894736842103,0.008998450158952788
2012-10-01,2012,10,0.5044466426425064,0.973365243952606,-0.46143523805795694,-0.7916223214780082,-0.7107558100749691,-0.21060278690337622,-0.8805455022176335,-0.8266241924423171,20,2463.535652173913,44.898611117017296,1.8765227272727274,0.005242584951118665,1.908809090909091,0.007061357558060012,1.8927,0.0061460014101312474
2012-11-01,2012,11,0.11498244719643412,-0.44395497781570564,0.34349552952410195,0.03774275965616205,0.29595359998370124,1.0547131137797923,0.23716836500143224,0.22730192284027806,8,2478.1645454545455,42.51142902094205,1.862909090909091,0.003452108960774077,1.8935954545454547,0.003943346086127651,1.8782772727272727,0.003411176562584488
2012-12-01,2012,12,-0.8614642247975713,-1.0115308727248327,0.22825709821545145,0.03774275965616205,-0.22426417126908993,-0.7057264002141813,0.26193633126443683,0.038875444380928964,0,2410.3424999999997,73.20328701816015,1.8680611111111114,0.001231994503849895,1.9001166666666667,0.001203548674447699,1.8841166666666664,0.001176360288947111
2013-01-01,2013,1,-0.5035602046809495,-0.9595214542036865,1.0673986970272757,0.8118168353813868,-1.3354265024724155,-1.585946157211168,0.5845524187867482,0.4836013377212665,2,2275.4363636363637,37.3472424615326,1.8892227272727273,0.015197742057172836,1.9040272727272727,0.0035324592564201394,1.896640909090909,0.008044143630819062
2013-02-01,2013,2,1.542362335913708,-0.13824072633626902,1.6711636985835625,1.1435628678350556,0.4569465209155532,-0.9502338443128042,1.1531530003424737,-0.07420161423218018,5,2197.704,41.09169968689402,1.903455,0.0032115703651837166,1.9060549999999998,0.003211570365183721,1.9047550000000002,0.003211570365183707
2013-03-01,2013,3,0.15018583238722322,-0.20297800533439558,1.1855131603988849,1.2126766245962366,0.5173700709264029,-0.11891469591578349,1.2259726495277659,0.5582414868551722,11,2153.359,39.59118414628794,1.922821052631579,0.00865849479781211,1.925378947368421,0.008640960527071431,1.9241157894736842,0.008662836535575806
2013-04-01,2013,4,0.06652977021909824,-0.06755992656603158,1.0833230220053465,0.7091331446861642,0.20915613095020977,0.8346581745305455,0.881833640841083,0.6884644259176714,14,2294.4886363636365,71.12998137517614,1.9443666666666666,0.010221170839651014,1.9469142857142856,0.010213632346735778,1.9456666666666667,0.010221170839650991
2013-05-01,2013,5,7.944927677193443,4.747188877731944,-0.04760096971676179,-0.05440799450865662,-0.4406766492303786,0.04874956339700331,0.2791024145670702,0.8079739691640605,9,2345.729090909091,66.01199342032247,1.9595285714285715,0.011853992696857246,1.9624142857142859,0.011671687355060752,1.961004761904762,0.011723714265985683
2013-06-01,2013,6,-0.4741937209790728,-0.645731295792772,-0.7229698006183825,-0.8837730756428268,-0.1056289486558637,0.5412501218319565,-0.6710031841769395,-0.2654306809712696,13,2283.5834999999997,82.42491545100464,1.984,0.007865045922842461,1.986505,0.00785778025439219,1.9853,0.007865045922842448
2013-07-01,2013,7,-0.6448991533658932,-0.8227077893716719,-1.3932088912216807,-1.5025070716716231,-0.9725130947055803,-0.2656165217156879,-1.6007813256725587,-0.43524017920316044,12,2308.5291304347825,69.68563155101673,1.9901454545454547,0.004453861596062775,1.9926590909090907,0.004445721227139269,1.9914454545454545,0.004453861596062799
2013-08-01,2013,8,-0.7819299981049888,-0.9999732241645779,-1.6820015563331026,-1.344532375567455,-1.736379428484221,-0.2656165217156879,-1.9143466466252057,-1.2916683223936465,2,2483.6072727272726,58.204862681968635,1.9949190476190475,0.006632843963762394,1.9974333333333334,0.006630409740983804,1.9962190476190476,0.0066328439637624035
2013-09-01,2013,9,-0.36945555669891855,-0.5825485205259997,-1.2478038082743783,-0.8607360782391891,-0.9719719216686017,0.5412501218319565,-1.2558670751068686,0.11591947435218974,12,2616.0514285714285,62.73145090667963,1.9964600000000001,0.0010169096632238806,1.998985,0.0009900956891554383,1.99776,0.0010169096632238243
2013-10-01,2013,10,0.021117147031681712,-0.4985157472565279,-0.5981828141515297,-0.5612440537908278,-0.613137032931789,-0.045561582466441215,-0.5516503963340504,-0.11253952074257571,8,2730.696956521739,47.76829315796527,1.9120454545454544,0.42713812389333367,911.0053363636365,4264.033461453002,456.45873636363643,2132.0263294019264
2013-11-01,2013,11,0.0054588461515795725,-0.6965849494578925,0.2557483260371343,-0.3492942782064523,-0.06880203695326229,0.7613050610812032,0.10894710729662596,-0.3448064977321114,5,2755.173333333333,65.48663331805477,2.0597000000000003,0.01483539686021245,2.0622000000000003,0.01483539686021254,2.061,0.014835396860212784
2013-12-01,2013,12,-0.5234437613540951,-0.9624108663437503,0.2888813166552465,-0.1465615132237427,-3.4675462069168903,-2.576193383832778,-0.28113639792846346,1.446186533364864,2,2824.537619047619,28.37521769163405,2.1075842105263156,0.028801934023755416,2.1100842105263156,0.028801934023755464,2.108884210526316,0.02880193402375541
2014-01-01,2014,1,0.40666925270231263,-0.7351094815213615,0.5807420153255374,0.2681210273433424,-0.3639376437178517,-0.2656165217156879,0.3026596676260046,-0.28410355673886756,3,2819.429090909091,89.62290087382229,2.287631818181818,0.04756379561893319,2.290359090909091,0.04807046077513916,2.289040909090909,0.047806252421234104
2014-02-01,2014,2,0.1327136088597117,-0.8670602657216491,0.8726027139958282,0.6828035679104275,-0.6186899547183207,-0.9697923273132748,0.4387891116923379,0.6188492119681931,2,2994.364,27.703521797778812,2.441545,0.04445755486090662,2.448815,0.03993473985602566,2.4452,0.04202261296016706
2014-03-01,2014,3,-0.4160725553191086,-0.8497237928812671,1.2499358975547665,0.3602745460584285,0.25209956413878226,1.0547131137797923,0.5703666003881198,-0.07021567728465715,5,3041.6666666666665,26.536861783815738,2.5815,0.052885855237582394,2.584055,0.05292055092803114,2.5827999999999998,0.05288585523758237
2014-04-01,2014,4,-0.15940897792991993,-0.7054698917885883,0.6498374909625853,0.7565258299724413,0.6540063793625865,0.5595895004689871,0.5894163945292206,-0.09321235191775258,6,3050.6133333333332,26.7558710068152,2.73857,0.037959536628528925,2.74117,0.0379595366285291,2.7398700000000002,0.03795953662852919
2014-05-01,2014,5,0.10772359331369001,0.5376996814738058,-0.034437676811064126,0.12989351382098072,0.2852763667051685,0.24784647023214773,0.35621570093582167,1.119605657245945,22,3029.994761904762,62.18690116246727,2.8584,0.03283847230243696,2.86095,0.0328175578808533,2.859675,0.032827986696206554
2014-06-01,2014,6,0.6457377761078315,1.2881955907339435,-0.4882511080405714,-0.4690905350757417,0.012460176635299976,0.43855928388189896,-0.6026163234305423,-0.0846518134554622,21,3174.3276190476195,23.51204540331647,2.9807904761904758,0.044046315450465265,2.9832380952380952,0.044071038973349394,2.982014285714286,0.0440586573299086
2014-07-01,2014,7,-0.38834162161229474,-0.289628586002765,-1.5577560276785583,-1.4136461323286358,-0.7568568301649395,0.17449335678280548,-1.427912593733641,-0.6007045336819359,21,3196.0404347826084,33.09490656749868,3.0238095238095237,0.010358952879606342,3.0262857142857142,0.0103839436494182,3.025047619047619,0.010371336415699761
2014-08-01,2014,8,-0.3661767582035168,-0.2917956451078127,-1.7194416880800947,-1.2408617404256836,-1.4589976494898107,-0.4542344123437843,-1.8466287879990029,-0.6667148049791922,20,3270.2690476190473,19.258680096196162,3.0586190476190476,0.042748083220743735,3.06122380952381,0.04275667088024869,3.0599238095238093,0.042756670880248863
2014-09-01,2014,9,-0.06261407987340892,0.09128839524610877,-1.2076109719606736,-0.9298498350003699,-0.6303215193780576,0.5412501218319565,-1.4070681493195618,-1.0363482933550383,19,3220.7913636363637,99.85735370281002,3.187090476190476,0.019695860091955977,3.1896714285714283,0.019709442986983187,3.1883809523809523,0.019702629749543957
2014-10-01,2014,10,-0.18295205586695654,0.36885688306918524,-0.46222622197978513,-0.23871226738856136,-0.4168478063468655,0.009452152345870452,-0.7223178582558083,-0.2731453528771917,28,3100.8269565217392,67.81924113103075,3.195122727272727,0.0009831590571221273,3.1976863636363633,0.001010089790702442,3.1964045454545453,0.0009959332893737355
2014-11-01,2014,11,-0.29733101387580163,-0.47867415409071074,0.10858364824419682,-0.10048475386619965,-0.5448832346723951,0.02779153098290105,-0.17379602351667456,0.2607372189874707,13,2909.091,36.286677546565365,3.19573,0.001381494232991696,3.1982749999999998,0.0013768289271863232,3.1970300000000003,0.001381494232991623
2014-12-01,2014,12,0.16502438845357337,-0.4148672658016847,0.29071740615317015,-0.05440799450865662,-0.13131394465568402,-1.963181938467367,0.20295723884987607,-0.5697076456308425,8,2957.6600000000003,38.4504192806415,3.1961649999999997,0.001387642832856822,3.198665,0.0013876428328569662,3.1974650000000002,0.0013876428328568045
2015-01-01,2015,1,-0.0348763688139445,-0.5911214063455685,0.49390473865162143,0.17597027317852376,-1.2900933219214588,-2.4032918169658606,0.03044304442027123,1.820573560438162,7,2921.0533333333333,93.80666790443674,3.2170428571428573,0.011078879520446661,3.2202190476190475,0.011136993267826752,3.2186380952380955,0.011103309245016917
2015-02-01,2015,2,-0.0343707583728275,-0.1701976246053733,2.1850609110489896,1.420017894879779,0.9087238206376678,-0.07001408731581743,0.7694277997887207,-0.07787346048298034,14,2946.825,92.41502967876147,3.3605899999999997,0.07319784940757974,3.363855,0.07336638750674239,3.362225,0.07327854482438197
2015-03-01,2015,3,0.08212188726055983,0.01686002793020869,1.076635788343339,1.3647268894708335,0.6784373383822876,0.33953456121974046,0.9155073911431011,0.7267143508704893,15,2882.2322727272726,97.13434633251953,3.5890714285714282,0.0925682566696445,3.5926714285714287,0.09267324394266742,3.5908714285714285,0.09262074358834078
2015-04-01,2015,4,0.42144522075504404,0.47989410219969203,0.9897387388788664,0.5116668479686625,0.6030685777727292,0.6146032352812988,0.9326408917228303,0.37861224546781186,16,2868.274761904762,60.85694911996871,3.81031,0.02254529709390891,3.8141249999999998,0.022555192540218157,3.812225,0.022555192540218157
2015-05-01,2015,5,0.0655434964079694,0.5376303355824442,0.46880776149878833,0.4063485408657041,0.35806715113363063,-0.11891469591578349,0.5073791853527325,0.6085224970644231,23,3095.998,95.39949004608258,3.891321052631579,0.04398640672535301,3.8952210526315794,0.0440505212347443,3.8932842105263155,0.044011529589893746
2015-06-01,2015,6,0.2998050773624912,1.0134905103416703,-0.9834694158364119,-1.0680773485227315,-0.3344041221791032,-0.014124533845290957,-0.8537703020327336,-0.1894902405634921,24,3239.0213636363637,78.10355057446287,4.191222727272727,0.10291848337776464,4.1954,0.10301420614005909,4.193322727272728,0.10297548451575918
2015-07-01,2015,7,0.317051577331861,0.35853301349273775,-1.2492420042713746,-1.012786343113786,-0.6399236096393083,-1.1458362787126746,-1.2165227045167915,-0.7907652065075834,16,3325.9604347826084,50.89540472900934,3.4889047619047617,0.2743141948135208,3.492428571428571,0.2745843752708029,3.490680952380952,0.2744392676332008
2015-08-01,2015,8,-0.5528149140692796,-0.5854379326660634,-1.2978294026147197,-1.0680773485227315,-0.9987237017155028,0.39454829603205216,-1.4603141892189448,-1.18223846410164,19,3153.0495238095236,35.249846592033684,3.878695238095238,0.15501940032199357,3.8825857142857143,0.15516617635849111,3.880652380952381,0.15508833166633657
2015-09-01,2015,9,-0.5527092977682466,-0.7198938371917862,-0.8452511415826024,-0.6533948079556464,-0.36838796073941404,0.6146032352812988,-0.9651838383623585,-1.098576975154606,13,3278.455,66.14354388463788,3.76571,0.051335049071349906,3.769495,0.05139757801993965,3.76762,0.05135099650547456
2015-10-01,2015,10,-0.8614642247975713,-1.0115308727248327,0.01950596868874464,-0.7916223214780082,0.2933373867939564,1.3187790408788858,-0.2937033699464592,-1.278671453619216,0,3198.3018181818184,57.7306148570662,3.765,0.029448389073896956,3.768790909090909,0.02945947836946309,3.7668999999999997,0.02944838907389694
2015-11-01,2015,11,-0.6560008058417329,-0.9667449845538458,0.7938562458895223,0.03774275965616205,0.9550627343273268,2.022954846476479,0.33839678924369543,-0.30701000205844925,3,3360.840476190476,47.013870982529156,3.7884285714285717,0.0027729303736557364,3.7922285714285713,0.0027729303736557364,3.7903285714285717,0.0027729303736557364
2015-12-01,2015,12,6.9726571044218195,-0.4423166811322896,0.8373895602041078,0.959258594955151,-1.4243205274087853,-1.585946157211168,0.1341016262679067,0.09292379470130725,1,3345.6509090909094,65.77183149481105,3.7922400000000005,0.005225383390618092,3.79604,0.005225383390618065,3.79414,0.005225383390618092
2016-01-01,2016,1,-0.7461395960933266,-0.9696343966939094,1.2511268671780114,1.2817903813574174,-0.3738599388530527,-1.1458362787126746,0.9206465014572834,-0.331530842557329,5,2952.42,96.00139423329641,3.8076749999999997,0.015257539120054592,3.811475,0.015288863335946938,3.8095849999999998,0.015272344286323432
2016-02-01,2016,2,-0.6506985240622274,-0.9349614510131453,2.098891675263355,2.387610489536311,1.75611979820777,-0.2656165217156879,2.006056937222081,1.0097614149195557,5,2916.365714285714,49.96275648634987,3.871966666666667,0.017992257594124463,3.875895238095238,0.01796464517296338,3.873947619047619,0.017979978282734725
2016-03-01,2016,3,0.5085033616218442,1.0787998929435292,1.4559024071480366,2.2493829760139494,1.2148552619106399,0.3211951825827099,1.4267149752895953,1.390058215883068,21,3073.5181818181813,55.583790600220865,3.8469499999999996,0.012512583140267423,3.850805,0.012535653364031498,3.84889,0.012524876299420817
2016-04-01,2016,4,-0.2520707705949284,-0.21453565389465026,1.028827660801404,1.309435884061888,1.5557924805398518,-1.585946157211168,1.4237617485791576,-0.6143859438196523,18,3078.495238095238,118.03991704584742,3.815804761904762,0.014098456518018764,3.8196285714285714,0.01411205664873624,3.8177190476190477,0.014106580700071012
2016-05-01,2016,5,0.2959929576914344,1.2591396622534632,0.40272186818656086,0.7288803272679706,0.8819387093082268,0.3211951825827099,0.4371454793165856,0.5975017569038461,27,3098.6585714285716,92.19982897412096,3.8133749999999997,0.013762185987621902,3.817205,0.013770008408818842,3.81529,0.013766049007001116
2016-06-01,2016,6,0.054504038425491765,0.9184981968249369,-0.6968263354453685,0.03774275965616205,-0.5223975299045321,-0.21671591311572186,-0.6452916122696147,-0.617678308802258,29,3122.516818181818,63.48624735861808,3.884290909090909,0.027957295820776197,3.8882272727272724,0.027956210347071523,3.8862772727272725,0.027963461394473022
2016-07-01,2016,7,-0.10291750795522889,0.5867965725577677,-1.2990296614415182,-0.9759265943579128,-0.6273585871895007,-0.11891469591578349,-1.1564772433873836,-0.4780899899712558,29,3049.975238095238,87.19355254943122,3.9374894736842103,0.0060806518964156364,3.941431578947368,0.006081853941720258,3.939478947368421,0.006074315594494438
2016-08-01,2016,8,-0.5209583167699519,-0.31879431214456766,-1.5430214430891043,-1.2063048620450934,-1.0655378527970345,-0.5590245744142769,-1.561855973584516,-1.724625757755006,28,3033.183043478261,51.69239291975907,3.9430695652173915,0.001662537705001843,3.9470521739130437,0.0016555333019405282,3.9450695652173913,0.0016625377050018624
2016-09-01,2016,9,0.26221653904235426,1.4378122407585805,-0.9866834528395537,-1.0680773485227315,-0.5469011072663392,0.2625153324825054,-1.0066957340545528,-1.298558037929128,30,2881.1872727272726,51.971679300852365,3.9557,0.008552561943036302,3.959655,0.008552221933509298,3.9576900000000004,0.008549170473763646
2016-10-01,2016,10,0.1307988959948903,0.9350660860360621,-0.11204263497123984,-0.35719259832911665,-0.15582945530317263,0.5045757656566755,-0.2350465400925122,-0.4274315592882574,27,2711.349523809524,55.98941707824691,3.965271428571429,0.0036084820710573233,3.969233333333333,0.003628682038059146,3.9672666666666667,0.003611417081054714
2016-11-01,2016,11,-0.377098890567679,-0.272474146127207,0.7475731689697145,0.4721724828050536,0.45018343383180104,0.7613050610812032,0.6416468502804217,-0.7287410951690235,21,2500.479090909091,78.96009690911033,3.9725318181818183,0.014401765313872014,3.976504545454546,0.014416507643694232,3.9745227272727273,0.0144083947692603
2016-12-01,2016,12,-0.3549836413669807,-0.7907306652175872,0.4927025906431515,0.03774275965616205,-0.405286142225572,-0.2656165217156879,0.28990414074316445,0.04239695698014457,6,2287.8019047619046,78.14249513670826,4.099415789473684,0.055505367740004974,4.103484210526315,0.05557926534996784,4.101457894736842,0.0555441497648438
2017-01-01,2017,1,0.2785263577961133,-0.5145519846338813,1.0547352162214432,0.7749570866255135,-0.6893541637364902,-1.5125930437618258,0.6442533565526056,-0.6994545023772272,6,2195.8542857142857,43.25035844607847,4.233423809523809,0.021524332852888177,4.237647619047619,0.021543783768122545,4.235547619047619,0.021543783768122764
2017-02-01,2017,2,-0.021662325150591192,-0.27930760583845754,1.521610548089897,1.2357136219998743,0.7155036848430588,-1.585946157211168,1.3089732003503975,-0.175839925632908,12,2034.0814999999998,56.06518323626331,4.37077,0.055524912379371155,4.375135,0.05559088599098959,4.372965,0.05555458458508179
2017-03-01,2017,3,0.3812736283183853,1.065260107655191,1.4619343554649946,1.420017894879779,1.0830687310742926,0.39454829603205216,1.0730151630522076,-0.5441078919965242,23,2057.8004347826086,93.51953575582063,4.48195,0.10259725583446133,4.486418181818181,0.10269100037706014,4.484190909090909,0.102638370756336
2017-04-01,2017,4,-0.13943736550579328,0.09015574568720383,1.0148239826019025,0.5906528137456089,0.8181273551429551,0.7906471866806987,0.9085964316225439,0.02902332546080929,21,1961.1573684210525,94.98604311757845,4.1944,0.035527272043087234,4.198561111111111,0.03556113441730711,4.196488888888889,0.03553801425961114
2017-05-01,2017,5,0.308857776664965,1.3694111871668533,0.4770333528935468,0.4721724828050536,0.44036118966729043,0.5045757656566755,0.46481167007464047,0.734948534039667,28,1983.485,86.88862629004693,4.23547619047619,0.04489184675151908,4.239709523809524,0.04495852427251058,4.237609523809524,0.04493307139248213
2017-06-01,2017,6,0.6246182196784416,2.227757293967007,-0.5574479464140649,-0.10048475386619965,0.005515596563141918,-0.5590245744142769,-0.49439542285908056,0.3032169789827056,30,1998.2477272727274,68.5961258056249,4.330071428571428,0.0255609300076727,4.334357142857143,0.025571616519660317,4.332228571428571,0.025551088878111132
2017-07-01,2017,7,-0.03765347676940198,0.4848870063777219,-1.3696743438568926,-1.4827598890898166,-0.5935274160098521,-0.8943442908422777,-1.1782288224113255,-1.7175649145767369,25,1988.5795238095238,61.86569562174099,4.3647,0.006550532320674961,4.369055,0.006552819802835057,4.36689,0.006550926009271422
2017-08-01,2017,8,-0.5854941709720153,-0.4300366795370191,-1.8369182499519736,-1.4235183413444015,-1.2111174508524212,-0.4856714609649346,-1.6894784843446211,-1.0540429067981105,29,1988.556956521739,65.34135335679883,4.3829521739130435,0.009187485043412111,4.387352173913043,0.009187485043413036,4.385152173913044,0.009187485043411978
2017-09-01,2017,9,-0.27839574990552907,0.08995348683739933,-1.0553715334530704,-0.5612440537908278,-0.6680364532741947,0.17449335678280548,-1.095104067306845,-0.8680422866046966,26,1998.297619047619,27.391753486179397,4.401457894736843,0.0034060918936964168,4.4058631578947365,0.0034083574614167922,4.403663157894737,0.0034083574614168664
2017-10-01,2017,10,0.23655708709784984,1.461661448562666,0.056109190791763935,-0.07283925116172889,-0.1988335836700201,0.39454829603205216,-0.07810836636352944,-0.9459084908163479,31,2097.0545454545454,25.762647144243143,4.379127272727273,0.007875712020308732,4.383504545454546,0.007864717914762596,4.3813272727272725,0.00787571202030884
2017-11-01,2017,11,-0.37202282976629353,-0.5492249303146454,0.29587630520486147,0.27964090832029503,0.08840977783624596,0.6879563487306412,0.12631517655850033,0.40225234313037483,13,2127.900909090909,45.43309491350889,4.393772727272727,0.010508508199965853,4.398163636363637,0.010519349312419695,4.395968181818183,0.010513908537136027
2017-12-01,2017,12,-0.0225684472332675,-0.15819211716340875,0.32751325545505217,0.17597027317852376,-0.3934493305174413,-1.8060010964604147,0.16228143245633725,0.11128926309491692,14,1917.6834999999999,44.006614009475186,4.410055555555555,0.0011877919317802423,4.414483333333333,0.0012171567640345499,4.412277777777778,0.0012197181716692468
2018-01-01,2018,1,2.1144414239498954,0.2858151781637551,0.8241752947286684,0.7288803272679706,-1.3301650075780123,-1.3218802301120745,0.4128977871809625,0.3295776677107024,6,1951.9681818181818,37.04165938332313,4.418681818181818,0.0025171102788407915,4.423081818181818,0.002517110278840899,4.420881818181818,0.0025171102788411194
2018-02-01,2018,2,-0.08985099440547702,-0.4508895669518585,1.6135606064701238,1.5121686490445978,1.5236500068990495,0.1116192595405112,1.4998367419341445,1.0714583225659302,10,2122.799,72.6646139827573,4.41728,0.002005151260864616,4.421715,0.0020178871180156106,4.419515,0.0020178871180158023
2018-03-01,2018,3,-0.15648167653081796,0.3714862481166432,1.0295847003919787,0.5906528137456089,0.8881562490317569,0.6146032352812988,0.8518751248376936,-0.5272621831214088,27,2503.9509523809525,91.4051025328874,4.4114249999999995,0.006228109031258856,4.41584,0.006219020061578416,4.413635,0.006225522594846573
2018-04-01,2018,4,0.2138457504703908,0.7073341788048038,0.7563482663975597,0.4721724828050536,0.9011900779288763,0.3631112474109019,0.9461355686923161,0.17352997733935205,22,2624.7357142857145,106.17095853252101,4.403155,0.0009741257889165616,4.407555,0.000974125788916459,4.405355,0.0009741257889165511
2018-05-01,2018,5,0.9400623626470505,2.2608670676799973,0.0429568025332858,0.36948879210983093,0.2106887106431914,-0.32849061895798215,-0.0314013339677731,0.729732688824671,25,2659.936818181818,96.61067087795786,4.411695238095239,0.004146139914484621,4.416114285714285,0.004131015094898965,4.413914285714286,0.004131015094899105
2018-06-01,2018,6,0.10570378547491066,1.0966535705569826,-0.547830755585669,-0.5766011305431613,-0.3560435556942893,0.30023715016860764,-0.7717081580416183,0.18578742672574036,30,2410.7595238095237,63.938486491016846,4.4602699999999995,0.030595168177172942,4.46472,0.030628548773979167,4.462515,0.0306297116676295
2018-07-01,2018,7,0.07845280295274522,0.9006676345086039,-1.2853572258724275,-1.2892413701585095,-0.32441643541745174,0.30023715016860764,-1.2524460178242562,-1.5497586037762112,28,2357.0472727272727,94.98202442376318,4.645261904761905,0.06928801105667917,4.649861904761904,0.06934546471248564,4.647571428571429,0.06931674503939964
2018-08-01,2018,8,0.10938025510377528,0.681427709556993,-1.1491020695457494,-1.0680773485227315,-0.9306339750522037,-0.4856714609649346,-1.2978355928778176,-1.036493033738656,24,2171.61,87.26310716865001,4.7059500000000005,0.010367520252715222,4.7106045454545455,0.010369895865423915,4.708295454545454,0.010362959554872774
2018-09-01,2018,9,0.06788366999805376,0.6765908336345263,-0.9182565922909586,-0.9298498350003699,-0.4056834603379598,0.17449335678280548,-1.0225689681704362,-0.948567804704017,25,2195.088,59.72818488346756,4.754852631578948,0.015352428994246981,4.759594736842105,0.015368997425705903,4.7572368421052635,0.015351735715341147
2018-10-01,2018,10,0.06350100500014748,0.9374556298758946,-0.221440283359445,-0.2940032727975068,-0.19063352960575355,0.17449335678280548,-0.35059906067699875,-0.5853450053705526,29,2134.2004347826087,70.30920710936684,4.789839130434783,0.004531379393682226,4.794626086956521,0.004535638412646835,4.7922391304347824,0.004531379393682186
2018-11-01,2018,11,-0.011592207493673554,0.34697536493248304,0.5440703110629774,0.31419778670088544,0.33072118041531257,0.4679014094813944,0.4498496129760818,-0.32113523074415234,22,2185.0363636363636,74.06122355029152,4.788736363636364,0.004166138494662955,4.793522727272727,0.004174289995879232,4.791131818181818,0.004168862624795233
2018-12-01,2018,12,-0.3217676865264749,-0.737036719418784,0.8049323318617108,0.4524253002232472,-0.16883304678416283,-1.292538104512579,0.8880552274857647,0.17226827692048227,7,2208.406,87.91887147879706,4.812288888888889,0.004215222956756182,4.817088888888889,0.004215222956756663,4.814688888888889,0.004215222956756456
2019-01-01,2019,1,-0.298288046603586,-0.7250947790439007,1.2555304118797237,0.959258594955151,0.6664469414212679,0.6774773325235931,1.2783512255341907,-1.1016257985195703,7,2263.335909090909,62.18183409960927,4.892285714285714,0.044184842261959664,4.897157142857143,0.04421630436194944,4.894738095238095,0.04420902030344526
