year_month,year,month,precipitation_mean,precipitation_sum,precipitation_count,max_temp_mean,max_temp_max,min_temp_mean,min_temp_min,avg_temp_mean,avg_temp_std,price_usd_per_tonne_mean,price_usd_per_tonne_std,Buying_mean,Buying_std,Selling_mean,Selling_std,Mid Rate_mean,Mid Rate_std
1996-01,1996,1,0.0,0.0,0,90.5,91.0,75.5,75.0,82.16666666666667,1.9407902170679536,1349.5413636363637,10.184783839702797,1456.780909090909,14.790337872147951,1481.375909090909,14.336135382508902,1469.078409090909,14.536907657863276
1996-02,1996,2,0.0,0.0,0,90.5,91.0,75.33333333333333,75.0,84.28571428571429,1.6035674514745488,1369.8395238095238,17.896659318484637,1506.837,13.082235886478848,1530.441,13.501740979358207,1518.639,13.28622492025412
1996-03,1996,3,0.0,0.0,0,90.5,91.0,75.16666666666667,75.0,84.0,2.0701966780270626,1338.6009523809523,26.267300566438543,1549.736,12.558167985733345,1573.327,11.070513752163528,1561.5315,11.793659659236187
1996-04,1996,4,0.0,0.0,0,88.99027791666666,91.3,75.0,75.0,83.66666666666667,3.5118845842842483,1456.2795238095237,31.03766139324793,1584.6715,8.136778927548065,1605.3870000000002,8.669324079765444,1595.02925,8.39992266176805
1996-05,1996,5,0.41452357142857144,5.80333,14,87.48055583333333,91.6,74.80357142857143,70.66667,80.69111133333332,2.7454784066686453,1524.0204545454544,17.32473252106388,1608.4404545454547,7.694010334126511,1628.796818181818,7.42835198435482,1618.6186363636364,7.556587977485205
1996-06,1996,6,0.13629666666666665,1.22667,9,86.58333333333333,87.75,72.89583375,70.0,79.08928571428571,1.7748432835939858,1537.5725,23.351581232384028,1630.9857894736842,5.968305469347218,1653.88,7.598300979678145,1642.432894736842,6.773117679430431
1996-07,1996,7,0.20834,5.41684,26,83.78448275862068,88.0,72.44367827586207,69.0,77.01166666666667,1.136221472125722,1495.68,33.032814951747085,1655.9959090909092,9.355048883377952,1684.5949999999998,9.456754577700442,1670.2954545454545,9.398694680023977
1996-08,1996,8,0.1311068,3.27767,25,83.17826086956521,101.0,72.40925888888889,70.8,76.54938296296297,1.1297409344549707,1499.8831818181818,28.093554486388147,1674.0459090909092,2.388224403372992,1703.6277272727273,1.9051207481246553,1688.8368181818184,2.128959362075276
1996-09,1996,9,0.14724466666666666,2.20867,15,83.865624375,88.25,72.23725470588235,70.0,76.49298210526315,1.354214815339216,1476.2790476190476,12.18304842999564,1688.1538095238097,5.949036456595671,1713.4109523809523,5.278115103672966,1700.782380952381,5.6014740513207855
1996-10,1996,10,0.005,0.005,1,88.1666675,90.66667,73.0,71.0,80.0,1.322875655532289,1476.9804347826089,14.983626359906312,1705.4382608695653,2.657674397209043,1731.178695652174,4.052717723777074,1718.3084782608696,3.133941185118039
1996-11,1996,11,0.03759277777777778,0.67667,18,89.975,91.8,74.51731636363637,72.0,81.09950416666668,1.320018366693422,1469.2771428571427,29.00372444063988,1714.4409523809525,2.8300227998408545,1739.9371428571428,4.233431401188898,1727.1890476190476,3.313262975922307
1996-12,1996,12,0.0014036842105263157,0.02667,19,88.1992752173913,91.0,74.06439363636365,71.33333,80.0797104347826,1.3555156554391778,1474.384,14.372981743901459,1722.41,2.425434668947668,1749.683157894737,2.8296447610405777,1736.0465789473685,2.6147796022649854
1997-01,1997,1,0.039259444444444444,0.70667,18,90.24513,93.66667,74.93933320000001,70.33333,81.17760111111112,1.6309009971422186,1428.4795454545454,28.0856162944788,1730.1745454545453,3.352820741764726,1761.0818181818183,4.341513491161753,1745.6281818181817,3.820988262047107
1997-02,1997,2,0.0,0.0,11,93.55104125,98.5,74.68627470588235,70.0,83.13333315789474,2.249101916788252,1372.742,24.95133254536664,1758.6015,18.265705073774445,1790.0945,17.576396994714013,1774.348,17.914871901946704
1997-03,1997,3,0.28119565217391307,6.4675,23,92.00576961538461,98.75,74.76206896551724,68.0,83.38777766666666,3.0806211867578397,1523.6395,57.959788009038114,1845.8388888888887,21.472688231082785,1876.8933333333334,22.40675029591581,1861.366111111111,21.933339017521075
1997-04,1997,4,0.3963796551724138,11.49501,29,89.45804586206897,95.0,73.80238107142857,70.66667,81.83381,1.8934419206794308,1571.0095454545453,35.122887460928816,1906.0866666666666,16.028641655902565,1936.4666666666667,16.89743570289097,1921.2766666666666,16.4308903694637
1997-05,1997,5,0.24097200000000002,7.22916,30,89.18225806451613,94.5,73.42555566666667,70.4,80.88594483870968,1.8153763687435416,1568.2957142857142,29.76098596677014,1983.141904761905,17.014388504747405,2011.8052380952383,15.69368395853807,1997.4735714285714,16.350356964211514
1997-06,1997,6,0.3699248275862069,10.72782,29,85.44460266666667,92.0,73.04252896551723,69.4,78.79880966666666,1.4993119111583317,1688.3347619047618,104.53348279948621,2055.969,28.550587218590085,2086.168,30.5027892771169,2071.0685000000003,29.52446590719749
1997-07,1997,7,0.04856666666666667,1.457,30,83.187143,90.0,71.2184329032258,67.0,77.10487774193548,1.5895465845615826,1677.2665217391302,52.92932333943046,2129.9513636363636,16.112050886409023,2161.566363636364,15.509049753045039,2145.7588636363635,15.80857941660143
1997-08,1997,8,0.10082450000000001,2.01649,20,83.20069458333333,88.0,71.3486664,69.0,77.1892007142857,1.4775378663918217,1652.1214285714286,75.93452648734393,2165.6990476190476,4.929684477491258,2196.3238095238094,5.044067283641836,2181.0114285714285,4.979989242673412
1997-09,1997,9,0.22380769230769226,5.818999999999999,26,86.49404733333334,90.0,72.98128068965516,71.33333,78.99130933333332,1.4238604881773564,1769.745,22.576305478257932,2182.9636363636364,8.708005372975013,2214.5486363636364,10.434299344654399,2198.7561363636364,9.562617684531688
1997-10,1997,10,0.13576375,3.25833,24,88.02067684210526,89.75,73.58333285714286,71.25,80.59380966666666,2.1528160417197966,1741.3843478260867,40.87495219080744,2208.6891304347823,3.7062464631822034,2247.1647826086955,4.217245837106424,2227.926956521739,3.9027731222143336
1997-11,1997,11,0.15866615384615385,2.06266,13,89.48027214285715,93.0,74.62063533333334,70.4,81.9740948,2.1887344116656404,1694.7575000000002,19.74472744410784,2216.9305,2.0324977503710593,2252.6415,2.2853314282272326,2234.786,2.126519023638117
1997-12,1997,12,0.12928571428571428,0.905,7,88.815625,91.0,74.03636363636363,68.4,81.91666727272728,2.066839316905521,1737.2404761904763,52.358167221188125,2226.787,3.1202312667328638,2260.5935,2.611316012241324,2243.69025,2.8475240745716133
1998-01,1998,1,0.0,0.0,3,92.183333,94.0,74.51515181818182,67.66667,82.00087736842106,1.9907227088445374,1668.1470000000002,26.559238674091727,2149.401904761905,492.6930326138077,2177.497619047619,499.0779218910085,2163.449761904762,495.8835906830254
1998-02,1998,2,0.049333,0.49333,10,94.54561421052631,100.0,77.52941176470588,72.66667,85.44567888888889,2.0118430654756745,1640.8349999999998,31.706943702403276,2279.4674999999997,2.826122273586758,2303.924,3.9217898706421503,2291.69575,3.358185708086783
1998-03,1998,3,0.27555555555555555,2.48,9,95.31444466666667,98.8,78.66666666666667,75.0,86.64583357142858,1.7570588822343496,1719.2122727272726,24.33504174012266,2290.8223809523806,1.6706941813567484,2316.753333333333,2.0734520330436204,2303.787857142857,1.8411420174911102
1998-04,1998,4,0.23906249999999998,5.7375,24,93.56481481481481,97.0,78.2913336,75.0,85.49444433333333,1.7111776616657985,1726.4952380952382,44.02147846438679,1980.7727272727273,805.6013773702099,2005.0422727272728,815.4720677294654,1992.9074999999998,810.5366913608921
1998-05,1998,5,0.265625,6.375,24,90.53571464285714,94.0,75.87756423076922,72.0,82.92089161290322,2.6760792988027533,1794.4185000000002,21.456088149618797,2184.2438095238094,500.47318040506616,2211.6880952380952,506.76154005231155,2197.9659523809523,503.6173379005608
1998-06,1998,6,0.2799042857142857,5.87799,21,87.11811565217391,91.33333,74.41419777777777,70.66667,80.33994703703704,1.5259536196243753,1721.8936363636365,25.45961349825484,2194.7445454545455,490.2397092941689,2224.0068181818183,496.7571477989964,2209.375681818182,493.49434775866587
1998-07,1998,7,0.06576086956521739,1.5125,23,84.40119035714285,88.0,72.84012333333334,69.66667,78.39784967741936,1.3081210754016261,1712.2252173913043,24.824287386927566,2309.9577272727274,1.0085394050814414,2339.561818181818,0.7975715305351766,2324.759772727273,0.8884449728018814
1998-08,1998,8,0.06903941176470588,1.17367,17,84.2225,86.33333,71.2849995,69.0,77.38939363636364,1.4107818651019168,1683.6847619047617,21.330282609249938,2310.7761904761905,0.13836459772923043,2340.0214285714283,0.25158071695359757,2325.3988095238096,0.15222438012613893
1998-09,1998,9,0.45824,11.456,25,85.32530851851853,90.0,72.89135777777777,69.0,78.55277733333334,1.5982633167391498,1687.3154545454547,38.97881301514017,2310.380909090909,0.21971646427889216,2339.0204545454544,0.0959403223601437,2324.7006818181817,0.1415584638983578
1998-10,1998,10,0.28436793103448277,8.24667,29,87.71428535714286,91.33333,73.89166633333333,71.75,80.54333333333334,1.5432504880828082,1646.429090909091,17.895644298221956,2309.751818181818,0.8319663246598751,2339.4345454545455,1.0685492045748233,2324.593181818182,0.9271622674212995
1998-11,1998,11,0.271,5.42,20,91.02243615384616,95.5,75.32471275862069,72.0,83.03611133333334,1.199792945633225,1594.905714285714,23.017317517779684,2317.347142857143,3.3268455672862323,2348.592380952381,3.985117193712078,2332.969761904762,3.642752213708071
1998-12,1998,12,0.0,0.0,10,89.31018499999999,91.0,75.26984095238096,73.0,82.81000033333333,1.6640933170399754,1514.8463636363638,36.22860742108361,2326.7604761904763,2.545925128888295,2358.3680952380955,1.965135158323014,2342.5642857142857,2.241160015323488
1999-01,1999,1,0.0,0.0,0,89.78947368421052,93.0,74.89682523809523,72.0,81.97916678571428,1.5455407330147621,1455.232,23.30426335515268,2301.0342105263157,150.58591601975522,2332.981052631579,152.94726073224416,2317.0076315789474,151.76615526643852
1999-02,1999,2,0.0,0.0,0,92.69047619047619,97.0,75.10526315789474,70.5,83.26296296296296,1.889067362106364,1408.4654999999998,16.35297509548904,2348.0535,4.440647504943117,2379.3087499999997,3.7357476088956627,2363.681125,4.083506658289024
1999-03,1999,3,0.0,0.0,0,92.0317461904762,94.0,75.49382703703704,69.5,83.73333333333333,1.873054546278173,1313.2439130434782,28.37717228194805,2378.8608695652174,17.00162128981295,2409.7669565217393,16.824355298949776,2394.3139130434784,16.910148375546473
1999-04,1999,4,0.08,0.16,2,91.533333,94.0,74.54848454545454,70.5,83.22222277777777,2.733930948538053,1186.1595238095238,55.46546425264906,2412.778,6.70405187770399,2443.9134999999997,9.005088780648787,2428.34575,7.840000885304687
1999-05,1999,5,0.0,0.0,0,90.06481555555555,93.5,74.28571428571429,70.33333,82.41728407407408,2.6320282082005737,1062.5645,50.80654521396777,2436.6161904761907,11.299068756402127,2469.4014285714284,10.208374153465094,2453.0088095238093,10.74534619088179
1999-06,1999,6,0.0,0.0,0,87.5,92.0,73.71428571428571,69.5,80.63725529411764,2.986797140226296,1161.8331818181819,63.17598476714627,2487.912857142857,11.392131996626784,2525.434285714286,14.384038574554879,2506.6735714285714,12.873642272377229
1999-07,1999,7,0.0,0.0,0,82.6,86.0,72.9,70.0,78.39015136363636,1.3742210085104258,1113.3936363636365,35.44001982497769,2532.401904761905,13.797776132060974,2575.7238095238095,13.203461468944656,2554.062857142857,13.48606749310468
1999-08,1999,8,0.0,0.0,0,83.855555,85.666665,72.33888833333333,69.5,79.5,3.5355339059327378,1056.3772727272726,21.785591171321943,2564.6236363636363,9.065936006337164,2608.623181818182,9.235564481865747,2586.623409090909,9.132020637291305
1999-09,1999,9,0.0,0.0,0,85.11111,85.33333,71.77777666666667,69.0,77.233334,3.4793039932980836,1061.375909090909,39.05608039474609,2610.041818181818,20.269607235691016,2658.0781818181817,21.69763968650437,2634.06,20.962032741761078
1999-10,1999,10,0.0,0.0,0,86.7222225,88.166665,72.55555333333334,71.166665,82.0,2.4467587778355893,1021.4861904761905,46.87189760146159,2746.979523809524,75.96935135146171,2833.246666666667,95.39907737149935,2790.1130952380954,85.57230319262493
1999-11,1999,11,0.45,0.45,1,88.333335,91.0,73.33333,73.33333,83.0,1.4142135623730951,922.4631818181817,27.817230594819595,3034.8309090909092,691.7728814871532,3144.867272727273,714.7767702222495,3089.8490909090906,703.2488931764458
1999-12,1999,12,0.0,0.0,1,90.72222166666667,92.0,72.5,69.0,82.52381,1.6199798483314518,918.675,18.37949731163967,3412.755,24.3224839668115,3520.4404999999997,27.12434223796234,3466.59775,25.64884764391019
2000-01,2000,1,0.0875,0.175,2,91.33541625,94.33333,73.85185222222222,70.5,82.61282076923077,2.2961431478057697,917.7138095238096,11.919264858283213,3490.418,33.84051722884569,3605.4565000000002,26.10879752416594,3547.93725,29.93460484187924
2000-02,2000,2,0.0,0.0,0,91.94895812499999,94.166665,75.33564819444445,70.75,86.0,0.0,859.1252380952382,18.54693010151477,3613.9780952380947,47.364252091534595,3719.483333333333,51.965838811024184,3666.7307142857144,49.63457893157037
2000-03,2000,3,0.765,1.53,2,92.5625,94.0,76.81944416666667,71.0,84.06,2.939545584055752,932.8795652173912,36.23387860681325,3867.496,101.20029604699762,4001.9489999999996,106.4106857960182,3934.7225,103.77494928297617
2000-04,2000,4,0.0,0.0,0,91.33333333333333,92.0,76.0,74.0,83.93333333333334,2.4043611170022645,911.3642105263157,22.88889767643051,4205.454444444444,93.06696837554364,4351.060555555556,94.249118358942,4278.2575,93.50761040512378
2000-05,2000,5,0.0,0.0,0,90.0,90.0,75.5,75.0,82.1,1.8609561775433694,908.8640909090908,20.40170573146396,4285.194347826087,939.4261506116194,4438.948260869565,972.408282492737,4362.071304347826,955.9031944582536
2000-06,2000,6,0.343,1.715,5,86.42222222222222,89.0,73.7592588888889,72.0,79.61728407407408,1.949586138823903,941.5709090909091,23.07095389055062,4916.231818181818,196.32560235332016,5087.649090909091,213.57824777571298,5001.9404545454545,204.93689849333916
2000-07,2000,7,0.15666666666666668,0.9400000000000001,6,84.04166666666667,88.0,72.64814833333334,69.5,77.65,0.948228838959508,936.6861904761905,13.62772522330509,5745.908571428571,189.23004830855302,5938.125238095238,184.78358262083415,5842.016904761905,186.85542680422796
2000-08,2000,8,0.080483,0.80483,10,82.1,85.0,72.47727272727273,70.5,76.9365080952381,1.2796222295139188,877.8769565217391,17.21956536110298,6187.55347826087,89.42407951129668,6397.461739130435,96.18387460069094,6292.5076086956515,92.61743109634017
2000-09,2000,9,0.07250000000000001,0.29000000000000004,4,85.65,87.2,73.375,71.25,78.33333333333333,1.578845661611169,883.1228571428572,8.658314583599536,6352.13380952381,53.555956295840346,6568.923333333334,47.482275991504,6460.528571428572,50.411434470337454
2000-10,2000,10,0.04,0.04,1,85.0,85.0,73.0,73.0,79.875,2.6575364531836607,878.1218181818182,22.51675072481516,6515.871818181818,43.41191910462256,6729.153636363637,40.26835736896653,6622.512727272727,41.69447633072666
2000-11,2000,11,0.21,0.63,3,89.78571428571429,91.5,73.89102538461539,69.0,81.74886619047619,1.3022520084932723,800.8704545454547,19.09238404063201,6664.926363636364,45.284496510863676,6878.962272727274,38.761805320851316,6771.944318181818,41.980825421666324
2000-12,2000,12,1.085,2.17,2,89.2777775,91.0,74.9750005,68.66667,81.77586206896552,1.515970236539669,803.591,17.4365782797332,6545.37394117647,911.5852930007749,6744.168805882353,936.2892681044092,6644.771376470589,923.9348123088606
2001-01,2001,1,0.0,0.0,0,89.68181909090909,94.0,75.13541625,69.33333,81.84821464285714,1.6216215069274016,966.5813636363637,101.08316883567456,6786.499090909091,7.087007501383871,7005.030909090909,6.686876207910193,6895.764999999999,6.73373065777266
2001-02,2001,2,0.06999999999999999,0.13999999999999999,2,93.05555533333333,97.66667,75.78627470588235,68.0,82.69565217391305,2.101227163038421,1156.9375,50.70485545887361,6840.236999999999,40.76068695511217,7059.489500000001,37.467409764669824,6949.86325,38.997707971616265
2001-03,2001,3,0.18,0.9,5,90.36111111111111,94.0,75.98076923076923,71.0,83.16935483870968,1.5348549019019584,1124.405909090909,44.4131024917617,6968.9685,29.905887164658072,7181.558,27.519637505263052,7075.263250000001,28.620389183926967
2001-04,2001,4,0.0,0.0,0,91.2,94.0,76.85,72.0,83.07471275862069,2.9511855426262867,1081.6155,20.47548944855518,7017.904736842105,10.724412114641366,7225.586842105263,9.78523550652325,7121.745789473684,10.102881500833229
2001-05,2001,5,0.61,1.22,2,89.6,91.0,78.0,77.0,82.61538461538461,2.5467928549754233,1079.6263636363635,36.14681643697186,7044.058181818182,1.9935721381807272,7251.720454545455,3.9056241221539585,7147.889318181818,2.808132872082835
2001-06,2001,6,0.0,0.0,0,88.0,88.0,75.0,74.0,79.5,1.8708286933869696,972.1533333333334,17.27388761493294,7050.936666666667,29.12495344774545,7264.871428571428,7.46854690399308,7157.904047619047,17.360055344025163
2001-07,2001,7,0.02,0.02,1,82.4,86.0,72.0,71.0,77.81481481481481,1.9222790367573315,967.1122727272727,18.524237130187334,7000.250476190477,17.52875736502473,7242.780000000001,13.065633547593453,7121.515238095239,15.024082540723425
2001-08,2001,8,0.0,0.0,0,81.0,81.0,72.0,72.0,76.80645161290323,1.2495160353435437,1034.1060869565217,29.956860155158584,6990.090869565217,3.0046447574675446,7222.8095652173915,3.68507984156806,7106.450217391303,2.089889339317472
2001-09,2001,9,0.0,0.0,0,82.6,82.6,73.2,73.2,76.77777777777777,1.7873008824606014,1019.7764999999999,45.680037707952984,6992.2095,5.158802875209167,7212.9655,7.919872722927173,7102.5875,5.218502381456286
2001-10,2001,10,0.0,0.0,0,84.2,84.2,74.4,74.4,79.38888888888889,2.001913489611599,1084.7782608695652,43.187247239326055,7005.154347826086,12.31434338340559,7214.292608695652,5.276117906008653,7109.72347826087,8.189855897664433
2001-11,2001,11,0.0,0.0,0,85.8,85.8,75.6,75.6,82.0,2.216526096762596,1240.8263636363636,115.90691752007018,7051.897727272727,27.23015624036073,7245.019545454546,18.41114995432654,7148.458636363636,19.118208422601292
2001-12,2001,12,0.0,0.0,0,87.4,87.4,76.8,76.8,82.0,2.4311387039135934,1336.789411764706,27.60266143657802,7126.1770588235295,22.60355441205665,7329.853529411765,24.64333021863553,7228.015294117647,23.42955328416677
2002-01,2002,1,0.0,0.0,0,89.0,89.0,78.0,78.0,82.0,2.6457513110645907,1384.2163636363637,30.901573630057353,6573.171249999999,2024.5572979732212,6754.346666666667,2080.34227002625,6663.758958333333,2052.4472926860517
2002-02,2002,2,0.06285714285714286,0.44,7,94.57051307692308,100.0,76.41960764705883,72.0,83.77186136363638,2.3313213761508833,1491.7755,37.78242691976483,7293.996499999999,102.16102456287729,7503.861999999999,98.4762674374954,7398.929249999999,99.98025987104435
2002-03,2002,3,0.1608325,0.64333,4,91.746666,96.0,75.5,72.33333,84.072222,1.7630207159799003,1592.0285,30.657347925776403,7458.403157894737,41.72658212866667,7660.406315789473,34.605717929993,7559.404736842105,37.9823611281788
2002-04,2002,4,1.1466666666666667,3.44,3,90.2083325,92.0,73.1666675,68.0,83.94642857142857,2.4654898316338905,1569.2877272727274,23.952610342252743,6496.714285714285,2718.053200337645,6657.060952380953,2785.0373690740753,6576.887619047619,2751.5415196320496
2002-05,2002,5,0.14500000000000002,1.0150000000000001,7,91.73148111111112,96.0,75.725,73.0,82.89,2.249344732169335,1605.2891304347827,48.31200734553403,7333.5885714285705,1680.5377704511307,7499.637142857143,1718.6270735972446,7416.612857142857,1699.5811298137342
2002-06,2002,6,0.12200000000000003,1.2200000000000002,10,86.0,87.0,74.16666666666667,72.0,79.54166666666667,2.3952700976256747,1658.655,57.12371693825699,7786.245,17.244609684127358,7983.914,32.36547468490134,7885.0795,24.5746426809165
2002-07,2002,7,0.0,0.0,0,88.0,88.0,72.95833333333334,71.0,79.4,1.6388149028228542,1868.5952173913045,42.1099849819241,6818.744090909091,2773.6280265602604,7003.430454545454,2848.7845833492493,6911.087272727274,2811.205348613502
2002-08,2002,8,0.0,0.0,0,82.5,84.0,71.75,70.0,77.66666666666667,1.6329931618554532,1960.4681818181818,89.68905871777032,7993.1618181818185,8.005654332951183,8216.821363636363,15.91604649864952,8104.991590909091,11.900864152934005
2002-09,2002,9,0.0,0.0,0,83.0,83.0,72.62105280701755,70.33333333333333,78.0,2.6602486870447053,2163.937142857143,64.56454136310867,8017.199523809524,11.544021602626783,8238.05619047619,4.560603552371493,8127.6278571428575,7.856401620880691
2002-10,2002,10,0.0,0.0,0,87.0,87.0,73.49210561403508,70.66666666666667,80.79166666666667,2.2837643727287027,2205.2621739130436,163.0014739463899,7735.475217391304,1686.4332351765088,7922.549565217392,1727.1470332642325,7829.012391304348,1706.7865415937672
2002-11,2002,11,0.10417846153846154,1.35432,13,90.53571428571429,94.0,74.36315842105263,71.0,81.677778,1.8743750481701245,1814.0652380952383,65.07177657164782,8154.981904761905,29.76993846467348,8096.87,981.1273166108465,8125.925952380952,492.8022732410512
2002-12,2002,12,0.0008888888888888889,0.008,9,90.31515181818182,91.66667,73.30175421052631,61.0,81.60913967741936,2.295663803054915,2022.7240000000002,91.29987913752296,8227.827894736844,23.613744956637582,8402.875263157895,38.140313808709934,8315.351578947368,30.843144207274698
2003-01,2003,1,0.019666666666666666,0.354,18,90.44444458333334,93.0,74.01314076923077,67.0,81.66006129032259,1.616679939414404,2184.728181818182,84.7944758216602,7934.817272727273,1772.4657200397467,8131.186363636364,1816.4719579960895,8033.001818181819,1794.4577024971352
2003-02,2003,2,0.0359375,0.2875,8,92.3916675,94.16667,76.37724888888889,72.5,83.42015866666667,1.271453535277451,2239.2650000000003,128.73182461388893,7992.192,1881.2969919337427,8166.844999999999,1922.3514699573975,8079.5185,1901.811557432669
2003-03,2003,3,0.03888866666666667,0.58333,15,94.0519611764706,98.0,75.73412666666667,71.0,84.35215032258064,2.130670084074466,1994.7190476190476,47.723910978121076,8463.249,15.336883269460056,8652.4315,13.272126024512254,8557.84025,13.931957817135737
2003-04,2003,4,0.14608300000000002,1.46083,10,90.11666687499999,94.0,75.51904714285715,71.5,82.67413827586206,2.3737634873777194,1927.6771428571428,39.59755524560289,8505.913,59.97552694751053,8712.9825,15.678463899986461,8609.44775,31.062170446203027
2003-05,2003,5,0.16251833333333332,2.9253299999999998,18,90.82807052631578,94.5,75.48039176470589,72.0,82.81720387096775,1.7252779115738142,1749.7247619047619,121.25932865635734,8548.7125,17.52249107350412,8737.8335,4.642763781016594,8643.273,9.679729144754162
2003-06,2003,6,0.3134126315789474,5.95484,19,85.994444,89.0,73.39682523809523,70.33333,79.05944433333335,1.3026034647335092,1579.1090476190477,44.33031309440087,8585.429047619047,7.614550482308699,8754.016666666666,3.3364971651918314,8669.722857142857,5.372199403278055
2003-07,2003,7,0.07630187499999999,1.2208299999999999,16,85.13045157894737,89.66667,72.44166666666666,69.0,78.24838709677418,1.5115625153312795,1560.3130434782609,80.87642231065084,8597.822272727273,20.04174831548189,8770.132272727273,6.035424734979827,8683.977272727272,10.721345278870022
2003-08,2003,8,0.066875,1.605,24,84.07417576923078,89.0,72.098572,68.5,77.4148235483871,1.2020599418568876,1571.4476190476191,109.69133205977415,8609.838095238096,13.51222506438065,8783.398095238095,8.093266719345909,8696.618095238096,6.578812483304562
2003-09,2003,9,0.07504421052631578,1.42584,19,86.65162318181818,90.66667,73.95486083333334,72.0,79.01571433333334,1.5057041813479952,1631.584090909091,79.5881690573172,8847.302272727273,1081.9813388846353,9030.500909090908,1104.8195201885285,8938.90159090909,1093.400042817931
2003-10,2003,10,0.3312585,6.62517,20,89.06578894736842,92.0,74.3246664,70.2,80.87634451612902,1.8099761924416546,1481.9343478260869,63.10763380030581,8640.023913043478,27.94941627933806,8796.15695652174,25.912155525015223,8718.090434782609,25.37333545427337
2003-11,2003,11,0.13191052631578948,2.5063,19,90.661458125,93.5,74.20310521739131,71.0,81.62944466666666,1.9204869684315515,1511.034,51.94618747977772,8234.208421052632,1994.167629469786,8347.663157894736,2021.657838991589,8290.935789473684,2007.8843559095449
2003-12,2003,12,0.14964285714285713,2.0949999999999998,14,90.31386470588235,92.0,74.39015136363636,65.33333,81.84208903225807,2.1646976371268023,1627.2809523809524,55.492517054532854,8724.804,5.703230294270019,8867.483,8.162379103641614,8796.1435,6.74884709452229
2004-01,2004,1,0.08769230769230768,1.14,13,91.332222,94.6,74.16904761904762,67.0,81.70698935483871,1.7946926782710102,1624.2819047619046,54.108632917404854,8754.441428571428,12.682989902114114,8882.896666666667,6.857744041107249,8818.669047619047,9.292356081620186
2004-02,2004,2,0.144667,1.44667,10,92.53435357142858,95.5,74.05595214285714,65.5,82.80753944444444,2.384868091109817,1569.1245,39.25093662643779,8801.302105263158,17.98886309141309,8926.172631578947,24.662615397511814,8863.737368421052,21.174393823699763
2004-03,2004,3,0.07969681818181819,1.75333,22,93.58653846153847,97.0,75.76666653846154,67.5,83.87711225806453,1.709039617950596,1504.4265217391303,36.4875475157678,8843.437272727273,14.573165875552482,9012.392272727273,37.27627739586431,8927.914772727272,25.51291794540086
2004-04,2004,4,0.08060166666666667,1.45083,18,91.39927521739129,95.66667,76.50144869565217,73.5,83.19222266666667,1.9470124481651072,1437.3509523809523,38.67302223834615,8447.21761904762,1935.5097610704645,8637.38380952381,1979.0876701285274,8542.300714285715,1957.2985285970594
2004-05,2004,5,0.1543135294117647,2.62333,17,89.52380952380952,93.0,75.46078411764705,72.0,81.74999966666665,2.4074834597970605,1413.7469999999998,37.532669713057636,8442.129,1987.0818166423164,8630.7775,2031.4762501296414,8536.45325,2009.2778319809831
2004-06,2004,6,0.069791875,1.11667,16,85.833333125,88.5,73.32843117647059,70.0,78.30238095238094,1.4404311248369515,1407.965909090909,21.046509643687212,8490.759090909092,1896.4428114810582,8677.100454545456,1938.1483028333957,8583.929772727273,1917.268985940355
2004-07,2004,7,0.10034708333333332,2.40833,24,83.6433332,88.0,72.64655172413794,69.0,77.28602161290323,1.5291676103054554,1559.4704545454545,112.08898677803467,8906.191904761905,6.7347914734219225,9104.445714285714,9.883582129687433,9005.31880952381,6.641522021488387
2004-08,2004,8,0.07811565217391304,1.79666,23,83.14038461538462,86.5,72.55576923076923,71.0,77.20591419354838,1.159793479741902,1729.215,50.524396535120474,8914.23,0.8139615060502786,9109.286363636364,0.3552939152791953,9011.75818181818,0.4352901206985516
2004-09,2004,9,0.17423857142857144,2.43934,14,87.33070210526316,90.0,72.167936,68.4,79.71896285714286,1.5798380903255203,1540.2886363636362,50.16939726428328,8917.017272727273,2.3118147516366787,9107.135,1.023447721231554,9012.076136363636,0.8119200227702039
2004-10,2004,10,0.26750680000000004,6.687670000000001,25,88.4266668,101.0,73.26458333333333,70.0,80.54193516129033,1.9184720409236635,1484.7138095238097,22.467591654690192,8923.514285714286,4.401172084147507,9109.595238095239,1.17176626955844,9016.554761904761,2.75125583878906
2004-11,2004,11,0.14016666666666666,2.1025,15,90.38,92.33333,75.17608695652174,71.0,82.18827148148148,1.9800487619941676,1662.226818181818,88.13142844564669,8940.402857142857,11.181478946390659,9109.515238095239,6.177854497354403,9024.959047619048,3.9981156871225667
2004-12,2004,12,0.043813846153846155,1.13916,26,90.27797642857142,92.66667,74.82321392857143,72.0,81.92150548387097,1.500821740904711,1648.5443478260868,51.640974994852364,8948.403,12.301251583734143,9111.4575,3.4154877512514044,9029.930250000001,4.516955330809076
2005-01,2005,1,0.0,0.0,16,91.26190476190476,97.0,72.64492739130435,62.33333,81.04032258064517,2.389683762564922,1549.1333333333332,29.339381781716785,8954.085789473684,15.541696716964717,9113.232631578949,3.722060125649538,9033.659210526315,9.599324956468921
2005-02,2005,2,0.0305,0.61,20,93.41666666666667,98.0,78.54513874999999,74.5,85.40773821428571,1.699875989485709,1634.5985,46.36592115983473,8956.3735,5.140260361007774,9121.898000000001,10.682122596090414,9039.13575,7.657458571635936
2005-03,2005,3,0.06270833333333332,0.7525,12,93.82058823529412,99.0,75.22111133333333,71.0,83.91666699999999,2.009844063079473,1757.591818181818,87.41074428000496,8973.195238095239,8.956957418145576,9122.056666666667,11.630471328941796,9047.625952380951,6.423080183807332
2005-04,2005,4,0.09820454545454547,2.1605000000000003,22,92.42045454545455,96.0,76.84375,71.75,83.09102538461539,2.5291156511227073,1585.9504761904761,28.92729705247109,8202.007826086956,2588.0873534961834,8325.907391304348,2627.1783333424087,8263.957608695651,2607.6321064586155
2005-05,2005,5,0.2256148148148148,6.0916,27,89.33873285714286,93.75,74.76071407407407,71.33333,81.40320206896553,1.9682360186333294,1511.3942857142856,29.55335202162827,8986.958999999999,4.078677417213043,9122.544,2.5056996081564664,9054.7515,2.7989810646013016
2005-06,2005,6,0.3510609090909091,7.72334,22,85.07121227272727,89.5,73.52000050000001,69.0,78.79166692307693,1.5235650079120862,1539.0722727272725,63.567748631025985,8986.527272727273,1.2142337651215462,9123.05590909091,0.3196375788565492,9054.791590909092,0.6812897194426957
2005-07,2005,7,0.02752083333333333,0.6605,24,84.6627975,91.0,72.58703703703704,71.0,77.6962364516129,0.9544316132147216,1489.01,22.723188816713243,8989.494499999999,1.9112973686948043,9123.135,0.25149029488421076,9056.31475,0.8686203140615139
2005-08,2005,8,0.11875533333333332,1.7813299999999999,15,82.66190428571429,88.5,71.37936499999999,69.5,76.4891706451613,1.2266785986229511,1481.9308695652176,39.76815730673377,8992.492608695651,1.2932770827042608,9124.120869565217,2.5509925217162484,9058.306739130434,1.23230715686225
2005-09,2005,9,0.1313517391304348,3.02109,23,85.49487416666666,90.4,73.5266176923077,72.0,78.56403071428572,1.8085580599081474,1504.1563636363637,76.24419687802985,8990.624090909092,1.1827556970739124,9075.124545454544,212.52496070158932,9032.874318181817,106.1233399589212
2005-10,2005,10,0.32062035714285714,8.97737,28,88.29047689655172,91.5,73.37516379310345,70.8,79.80097225806452,1.2836290936967487,1452.5466666666666,22.109440140657863,8565.325714285715,1962.5631647734845,8687.685238095237,1990.604760264124,8626.505476190476,1976.5827973379364
2005-11,2005,11,0.2606116666666667,4.69101,18,89.7521904,91.28571,74.0931108,71.25,81.37075366666666,1.4145733618242051,1433.9654545454546,33.14475994313892,8996.09761904762,17.048857118516874,9121.262857142858,3.3598886035954876,9058.680238095238,8.353826140786191
2005-12,2005,12,0.28700000000000003,1.435,5,90.12078769230769,92.25,74.57307692307693,71.25,81.92107823529412,2.0112060580166644,1517.6090476190477,18.37923363602573,9022.078947368422,13.236882771146291,9136.786842105264,4.870796253217646,9079.432894736843,8.481893184208246
2006-01,2006,1,0.07,0.07,1,90.67424272727273,94.0,76.07407407407408,66.5,82.12634419354839,1.0476761646035933,1577.7828571428572,35.65434197161081,9020.617,5.172082040297977,9142.4555,1.228968223647104,9081.536250000001,2.497343259398254
2006-02,2006,2,0.40142857142857136,2.8099999999999996,7,92.26491210526315,97.0,74.89666650000001,67.0,83.07043642857143,1.0806125384525413,1545.0745000000002,26.0467665383874,9025.6835,7.1594643103054,9148.482,3.3468376275598892,9087.08275,5.240490755192571
2006-03,2006,3,0.5298339999999999,5.29834,10,92.35416666666667,94.6,74.70932499999999,70.33333,83.04236448275863,2.119004502541206,1544.1330434782608,24.52187250650518,9042.688636363637,6.31138826736832,9157.421363636364,3.6509598156860084,9100.055,4.889378429675405
2006-04,2006,4,0.18911133333333335,2.8366700000000002,15,92.03015857142857,94.33333,76.26923038461538,70.0,83.60172413793103,1.8212716255084738,1552.3736842105263,31.239076172591208,8576.278421052632,2076.84113863997,8680.624736842105,2102.1095119093216,8628.451578947368,2089.475238957574
2006-05,2006,5,0.6086842105263158,11.565000000000001,19,88.15370388888888,93.75,72.7140352631579,70.0,80.80833333333334,2.8140476117780278,1594.4545454545455,28.91409208694136,9064.797142857144,10.588015934469531,9167.748095238096,5.845309760010533,9116.272619047619,8.214303168718097
2006-06,2006,6,0.285278,4.27917,15,88.1421052631579,93.75,73.56111125,70.33333,80.39972233333333,1.7616584403549056,1606.645909090909,49.61819545854922,0.0,0.0,0.0,0.0,0.0,0.0
2006-07,2006,7,0.14664285714285713,2.053,14,85.18823529411765,88.0,73.68939409090909,71.66667,78.49301096774194,1.3719394244896688,1676.6552380952382,103.58889673218091,1438.5263157894738,3413.1684577126516,1455.5263157894738,3453.5043225415907,1447.0263157894738,3433.336316343705
2006-08,2006,8,0.139375,0.5575,4,80.91666666666667,82.0,72.83333333333333,72.0,76.46875,0.9490361651997979,1610.787391304348,31.38669060972868,7540.126086956521,3537.4419129644557,7624.611739130435,3577.0459469393204,7582.368913043479,3557.2406735079076
2006-09,2006,9,0.22611166666666668,1.35667,6,85.83958375,88.0,72.28571428571429,70.0,77.83333333333333,1.6393596310754996,1567.4214285714286,23.141181319395557,9157.996666666666,1.9843344812131736,9202.118571428573,218.16107600316136,9180.057619047619,109.12070668094015
2006-10,2006,10,0.28045454545454546,3.085,11,87.8347225,91.0,73.01805583333334,69.0,78.29642857142858,2.4636348534411714,1529.6272727272728,22.82111473881316,9166.446666666667,7.950307750856002,9253.593333333332,7.422606235907348,9210.019999999999,2.312118076568509
2006-11,2006,11,0.1207142857142857,0.845,7,90.60158714285714,93.0,74.02083300000001,69.33333,81.7233332,2.0676800980723127,1581.18,21.67973620468575,9168.31380952381,2.4191082575821095,9254.135714285714,5.066316779898681,9211.224761904761,1.7144295524968087
2006-12,2006,12,0.08,0.16,2,90.74404714285716,93.5,74.64473684210526,64.0,82.5576923076923,1.6280132593595364,1702.503,37.02315962233715,9167.365294117646,25.583374512964298,9258.18,8.088256919757056,9212.772647058824,12.033638804104731
2007-01,2007,1,0.0,0.0,0,91.5,96.0,73.06862764705883,66.5,81.4483870967742,2.492921158885962,1701.9895454545454,20.65186500912153,9162.276666666667,12.112614636540401,9685.705714285714,1944.4101409876762,9423.99119047619,972.2348881673408
2007-02,2007,2,0.25,1.75,7,91.30555533333333,96.0,77.67857142857143,74.25,84.42261928571429,1.640211369389189,1813.8775,49.87011138157318,9170.704,4.474749507837838,9276.972,3.1685736455649143,9223.838,3.7882291377365513
2007-03,2007,3,0.030000000000000002,0.12000000000000001,4,92.33333333333333,97.0,76.79347826086956,69.0,84.56451612903226,2.2573654831974332,1924.2022727272727,71.21565484209728,8736.183,2056.316031908827,8831.6575,2078.7634202443655,8783.92025,2067.5366954259434
2007-04,2007,4,0.4716666666666667,2.83,6,90.91111133333334,94.0,77.39215705882353,74.0,83.8,1.8781869467378782,1977.1995,44.55756294419962,7038.769411764706,4024.570499060227,7116.120000000001,4068.7973082349536,7077.4447058823525,4046.6838973814683
2007-05,2007,5,0.3892307692307692,5.06,13,90.10416625,94.33333,76.13888874999999,71.0,82.938889,1.979411896805769,2004.8377272727273,36.18871738563436,7455.020952380953,3705.5194795303732,7536.94380952381,3746.239643333667,7495.982380952381,3725.8795371880374
2007-06,2007,6,0.2915384615384615,3.79,13,84.43939363636365,86.0,74.84615384615384,71.0,79.74444433333333,1.741830071346252,2016.692380952381,64.7215403791322,4826.825714285714,4715.851771656496,4875.969047619048,4763.883403449233,4851.397380952381,4739.858355186792
2007-07,2007,7,0.20166666666666666,1.21,6,83.5,86.0,73.04545454545455,71.0,78.20238107142858,2.2107840250217587,2152.645909090909,56.813556787517264,0.6586380952380952,0.4268464788143279,0.6655190476190476,0.43130966441646956,0.6621142857142857,0.42910012967338323
2007-08,2007,8,0.015000000000000001,0.135,9,83.77777777777777,85.0,73.38461538461539,72.0,78.27083333333333,1.5391920993951915,1902.0930434782608,53.099445591591575,0.8435826086956522,0.26618843744469634,0.8541521739130434,0.2695222606248545,0.8488869565217392,0.26786085652535724
2007-09,2007,9,0.204375,1.635,8,87.0,89.0,73.375,71.0,78.36111111111111,2.140681279375639,1938.0814999999998,53.79923686359567,0.8357849999999999,0.2858399336305107,0.866145,0.30810250596872873,0.850985,0.29414907834204357
2007-10,2007,10,0.0,0.0,0,88.0,89.33333333333333,74.6875,73.5,77.0,3.0703406396878195,1914.6843478260869,41.28092161432527,0.9335444444444444,0.0022976259415580526,0.9482277777777779,0.0026709340854631884,0.9409222222222221,0.002483961626007408
2007-11,2007,11,0.0,0.0,0,89.0,89.66666666666667,76.0,76.0,82.0,4.0,1966.8377272727273,24.56002693728513,0.8572363636363637,0.2774717412389002,0.8754181818181818,0.2833733439027603,0.8663545454545454,0.28042996193307085
2007-12,2007,12,0.0,0.0,0,90.0,90.0,72.0,72.0,83.55555555555556,2.554951619459316,2113.1305,32.18117944176628,0.9483470588235294,0.0016097816804844373,0.9700764705882352,0.000493114352565327,0.9592470588235293,0.0010131125597995763
2008-01,2008,1,0.0,0.0,0,90.66666666666667,91.0,72.5,70.0,80.39285714285714,3.6803980315082367,2215.8513636363637,61.380628190818896,0.9570000000000001,0.0011884363476353584,0.9787,0.006684309986827366,0.9678727272727272,0.0032933094974337673
2008-02,2008,2,0.2,0.2,1,91.0,92.0,78.16666666666667,74.0,83.88095238095238,2.6921402355039112,2523.0733333333333,133.63590188767884,0.96067,0.0013985330660525924,0.98249,0.0010740479260110012,0.9716099999999999,0.0012247018971334308
2008-03,2008,3,0.0,0.0,0,91.0,92.0,76.0,73.0,83.6875,2.510034210749016,2670.4055,186.62710048805602,0.9098611111111112,0.2270731059758428,0.9296388888888889,0.23200937896581808,0.9197722222222223,0.22954635006914256
2008-04,2008,4,0.65,1.3,2,90.5,92.0,70.0,70.0,83.16071428571429,2.5857643451554586,2628.33,160.68371802424568,0.9684363636363638,0.003906715275320718,0.9889272727272727,0.0033159329389194584,0.9786999999999999,0.0036141257258021312
2008-05,2008,5,0.0,0.0,0,87.56111083333334,90.2,71.233334,70.833335,82.0,1.9175977226633272,2689.620476190476,57.80591920177303,0.88297,0.3019868646498596,0.90099,0.3081617840646285,0.891995,0.3050790604606926
2008-06,2008,6,0.0992857142857143,0.6950000000000001,7,84.62222166666668,88.4,72.466668,71.66667,79.6222225,1.2494311001711955,3021.7599999999998,123.84944400359666,0.9981904761904762,0.007009201435392303,1.0229238095238096,0.009632595951346723,1.0105857142857144,0.008078445748675191
2008-07,2008,7,0.42722190476190475,8.97166,21,84.36833349999999,88.0,73.31488107142857,70.0,78.89011774193548,1.4072752826004111,2953.6821739130437,133.30863765087372,1.0220909090909092,0.011932664616441858,1.0552818181818182,0.014456490925190984,1.0387136363636364,0.01319048341850476
2008-08,2008,8,0.19646153846153844,2.554,13,84.07193,88.0,72.86190428571429,70.33333,78.3831029032258,0.9457934059162295,2810.4709523809524,111.7366124824252,1.0586857142857142,0.008030708917292639,1.1019095238095238,0.012537141012284564,1.0803333333333334,0.010228114847484591
2008-09,2008,9,0.3183333333333333,1.91,6,84.516667,88.0,72.78703666666667,70.5,79.31944433333334,1.3079632551247167,2678.963181818182,81.24164826739715,1.0876904761904762,0.009231354438104168,1.1343761904761904,0.006872474427882983,1.1110619047619048,0.008017760048197759
2008-10,2008,10,0.16462888888888888,1.48166,9,87.69444499999999,89.5,74.45926,73.0,80.697916875,1.119223517627105,2252.2765217391307,187.7297785408279,1.0714826086956522,0.233826905000208,1.1044478260869566,0.24084980206375553,1.0879826086956523,0.2373306432579851
2008-11,2008,11,0.145,0.87,6,89.31111083333333,90.66667,75.095714,72.0,82.371231,1.3445603674686322,2067.723,105.55678726588243,1.1508142857142858,0.009583907643247047,1.180752380952381,0.009426113676782043,1.1658142857142857,0.009482788920686103
2008-12,2008,12,0.30142857142857143,4.22,14,89.62564115384615,92.0,73.90336620689655,68.83333,81.9495393548387,2.0817280251655332,2457.0854545454545,178.86872591844661,1.1770631578947368,0.009553661923071692,1.2121315789473683,0.013521589840431596,1.1946315789473685,0.01154147365092896
2009-01,2009,1,0.18,1.26,7,90.45793599999999,95.33333,72.80606,62.33333,82.70125451612904,2.0883347022142478,2626.005238095238,119.67379582093336,1.164014285714286,0.26763483197393106,1.1995904761904763,0.27535042928014825,1.1818238095238096,0.271457653980804
2009-02,2009,2,0.12928571428571428,1.81,14,92.705417,96.0,75.45102863636363,73.25,83.63762785714286,1.4690426639453096,2647.5860000000002,152.8140347784299,1.22296,0.2884017691018082,1.262,0.29770433937752827,1.2424849999999998,0.2930506194373791
2009-03,2009,3,0.2369757142857143,3.31766,14,91.9552294117647,95.0,75.6756294117647,71.66667,84.08173000000001,1.760503781166061,2509.972272727273,147.04745748135733,1.333552380952381,0.01420906819772562,1.3733952380952381,0.013185767940870119,1.3535,0.01369766403442584
2009-04,2009,4,0.24625615384615385,3.20133,13,90.56569363636363,92.16667,75.15697214285714,69.5,82.79116307692308,2.144615884926285,2555.1661904761904,111.70494865833797,1.36447,0.008267316754291458,1.4034900000000001,0.010414357498437493,1.384005,0.009313175443537295
2009-05,2009,5,0.462688,11.5672,25,90.1309525,93.16667,74.10461172413792,71.0,82.49665903225805,1.7164327734662537,2480.7365,87.36901596254313,1.3898263157894737,0.005623447154080567,1.4311842105263157,0.005486170811726362,1.4105263157894736,0.0055491583050708455
2009-06,2009,6,0.396835,9.52404,24,86.750298,95.66667,72.77559500000001,69.0,80.19202366666667,2.4412199114737265,2700.364090909091,106.26048809452436,1.421609090909091,0.01166292085816074,1.4624454545454546,0.011388328497809602,1.442059090909091,0.011527551224325123
2009-07,2009,7,0.31042000000000003,4.34588,14,83.46960333333332,88.0,73.24384916666666,71.0,78.15736064516129,1.5922436789405787,2791.352608695652,159.54732003154732,1.439390909090909,0.004495067041282941,1.480527272727273,0.004756267225679943,1.4599772727272728,0.004559023686020563
2009-08,2009,8,0.03881740740740741,1.04807,27,83.01826793103449,86.0,72.54989103448276,71.8,77.31263451612904,1.0894978662877681,2956.6652380952382,69.20155486830096,1.4536,0.0027411676344215393,1.4879809523809524,0.004985340414416925,1.4708095238095238,0.003806429397992938
2009-09,2009,9,0.3736579166666667,8.96779,24,85.64775615384616,88.625,72.84498958333333,71.57143,78.62130933333333,1.1250848724979283,3142.8636363636365,96.43015446896835,1.4458,0.0020520721234889546,1.475152380952381,0.002738178052578152,1.4605000000000001,0.0023706539182261044
2009-10,2009,10,0.19804148148148149,5.34712,27,87.53855307692308,89.625,73.576151,72.5,79.49870677419355,1.2808072245564206,3372.502272727273,117.55694174199841,1.4393318181818182,0.001048984254108714,1.4688363636363635,0.0012093073399364214,1.4541181818181819,0.0010012546242144911
2009-11,2009,11,0.2294492,5.73623,25,89.72045153846155,92.0,73.74559074074074,71.66667,81.29185166666666,0.8779375938079342,3384.1299999999997,66.24485497002777,1.4291800000000001,0.003295866629902525,1.4533749999999999,0.004999671041810161,1.441315,0.004081057009622613
2009-12,2009,12,0.146875,1.7625,12,90.35720578947368,92.4,74.30854294117647,71.83333,83.16220866666666,1.5778574609276552,3497.5849999999996,67.86954536531984,1.424555,0.0011151941063047366,1.446275,0.002107599033073047,1.43545,0.0013164945479328958
2010-01,2010,1,0.15770833333333334,1.8925,12,91.68869814814815,95.14286,74.51666666666667,71.5,82.7345364516129,1.5345972029918173,3525.1230000000005,67.76663106030284,1.4197,0.0017115705314741454,1.439225,0.002163786885118407,1.4294850000000001,0.0019115369952504475
2010-02,2010,2,0.5359090909090909,5.895,11,94.46388866666666,96.25,76.3180894117647,73.25,84.60042535714285,2.181316364266858,3276.5465,77.63286480371302,1.419695,0.0005020746432236815,1.4390800000000001,0.0006970615014775056,1.429415,0.0005714938872444181
2010-03,2010,3,0.2501415,5.00283,20,93.17860904761905,95.42857,75.7492665,72.6,84.80345233333334,1.4499192418359323,3089.6460869565217,51.90721229788374,1.4176272727272727,0.0028281210013484316,1.4369954545454546,0.0025332977327187107,1.4273454545454547,0.0026647124874349384
2010-04,2010,4,0.4195442857142857,8.81043,21,92.65530363636364,96.0,75.94223052631578,68.0,84.99100035714285,2.2722153645163847,3221.2376190476193,131.2588409938456,1.4128,0.0006130166993517857,1.431645,0.001267187104533187,1.42225,0.0008798923379117076
2010-05,2010,5,0.22048454545454543,4.8506599999999995,22,90.2506945,95.4,75.06889277777778,70.5,83.394987,2.011710663449272,3178.4855,132.6800341333675,1.4121368421052631,0.0005804313781967048,1.4290684210526317,0.0012636159013715326,1.4206263157894738,0.0009054416388721412
2010-06,2010,6,0.3427045833333333,8.22491,24,87.18520954545455,90.25,73.94931454545454,69.5,80.521508,2.0961917323473487,3230.831818181818,51.02337910785997,1.4125954545454544,0.0011499388276597436,1.4308227272727274,0.0020614215664095607,1.4217363636363638,0.0015716371368872408
2010-07,2010,7,0.16195454545454546,3.563,22,85.2533,89.85714,72.59627714285713,69.83333,78.46675142857143,1.4428036477577553,3229.546363636364,57.980556063091306,1.4216285714285715,0.003803306831843033,1.4424619047619047,0.005173922708204653,1.4320714285714284,0.004477850249521851
2010-08,2010,8,0.2915882608695652,6.70653,23,84.72086178571429,89.57143,72.25481125,67.0,78.25967741935484,1.3102801507870194,3071.7136363636364,143.9715265019093,1.4239272727272727,0.0007484471659195675,1.4435363636363636,0.0010172537514333926,1.433759090909091,0.0008721397282705853
2010-09,2010,9,0.14497000000000002,4.05916,28,85.6141946153846,89.0,72.86247391304347,70.0,78.632116,1.261401483975879,2874.9295454545454,56.38127116231761,1.4235250000000002,0.00027505980211007836,1.442835,0.0003216323497739134,1.43321,0.0002989455151906992
2010-10,2010,10,0.2101625,5.88455,28,88.31265079999999,90.0,72.988293,68.0,80.5399,1.7630714144696469,2927.456666666667,52.948102641486074,1.4212666666666667,0.0016100724621374283,1.439495238095238,0.0006232785817563224,1.430395238095238,0.0008902113178769245
2010-11,2010,11,0.2137095238095238,4.4879,21,89.02495041666667,93.0,73.544318,70.75,81.17914033333334,1.6575280734783526,2910.310454545455,42.46387545704191,1.4241190476190477,0.001462401807855492,1.4425999999999999,0.0023377339455121046,1.4333857142857143,0.0017399096856693362
2010-12,2010,12,0.20370157894736843,3.87033,19,90.47270954545455,92.0,73.88902586206896,71.4,82.08312870967742,1.558904095871499,3060.0208695652173,72.36510182985887,1.43346,0.0051206907428794435,1.45633,0.006832207010298849,1.444915,0.005974795746343554
2011-01,2011,1,0.0,0.0,0,90.624842,93.0,70.12301666666667,65.5,81.63419300000001,2.462041894892921,3164.8630000000003,177.6990764748089,1.44997,0.006390049830956178,1.47873,0.00938812800128017,1.46438,0.007888272441115467
2011-02,2011,2,0.590832857142857,4.1358299999999995,7,89.60119,90.83333,71.29583375,66.66667,80.80511481481481,3.4060938307340236,3472.2699999999995,111.08585802266464,1.49069,0.007069943794908024,1.528895,0.008872457382258779,1.509825,0.00772731825204708
2011-03,2011,3,0.294,1.47,5,91.17942142857143,92.2,73.07278857142857,70.0,84.37526870967743,1.8877876382576184,3392.9669565217396,206.09097489027806,1.4957090909090909,0.004403668285905936,1.533090909090909,0.006470070956474787,1.5144318181818184,0.004584174263665482
2011-04,2011,4,0.3302377777777778,2.97214,9,93.57313,96.0,74.6458325,71.4,83.953638,2.335037218760306,3134.367,76.12871856616478,1.4978631578947368,0.002516216411447906,1.5377263157894736,0.003295930505143699,1.517821052631579,0.0015795846667077524
2011-05,2011,5,0.12772642857142857,1.78817,14,89.34467142857143,92.25,74.08619,71.83333,82.46021516129032,1.7878078520315763,3070.764285714286,103.76674344757248,1.489895,0.0009377885520847681,1.5232350000000001,0.002012925339165062,1.506585,0.0014316993950878895
2011-06,2011,6,0.1976327272727273,4.34792,22,87.3243705882353,90.0,73.759300625,71.25,79.77235896551723,1.5234545257697008,3015.6386363636366,71.1914399813863,1.4909045454545455,0.0015484177093398812,1.5218909090909092,0.00047600429260675857,1.5064363636363638,0.0010149104837585568
2011-07,2011,7,0.16727272727272727,3.6799999999999997,22,84.751885,86.5,72.00383555555555,68.0,77.61101866666667,1.877589579341911,3167.1838095238095,72.19990668111632,1.493465,0.0011356774004507247,1.5226250000000001,0.0005919414978205239,1.508085,0.0002796143961356493
2011-08,2011,8,0.13281,2.52339,19,83.43284294117647,87.0,71.309643,68.85714,76.66140166666668,1.2651932889049935,3064.308260869565,78.01811768907956,1.495059090909091,0.00256025651447533,1.524909090909091,0.0025500530509719546,1.5099954545454546,0.0025187822592006434
2011-09,2011,9,0.10574375,1.6919,16,85.12107882352942,87.6,72.48730166666667,70.5,78.52527766666667,1.371053497448871,2873.884090909091,146.38382979456685,1.5080857142857143,0.0069314706747043734,1.537495238095238,0.00797442638629729,1.5228190476190475,0.007455039842121499
2011-10,2011,10,0.1702268,4.25567,25,87.14022526315789,89.83333,73.10364176470588,70.66667,80.1090448275862,1.6569830924898703,2680.0433333333335,44.78640433583971,1.5316476190476191,0.007855037813252013,1.5641809523809524,0.008347431883377084,1.5479476190476191,0.008088115914576074
2011-11,2011,11,0.20750000000000002,2.49,12,90.902826875,92.8,73.789206,72.33333,81.410344,1.8650984172693623,2527.4263636363635,129.2785459144951,1.544157142857143,0.005797117510329817,1.5774571428571431,0.0035337758033823705,1.5608285714285715,0.004373801876759416
2011-12,2011,12,2.146,10.729999999999999,5,90.79684631578947,92.6,71.39103705882353,65.4,81.61524344827586,2.057935330099903,2196.845238095238,58.70626343236703,1.484415,0.34941439170643646,1.51831,0.3574146212365748,1.501395,0.35342092017280113
2012-01,2012,1,0.074,0.37,5,91.37193363636364,93.4,71.863452,64.8,81.3096258064516,2.009547831987376,2307.62,125.23671410572832,1.5934857142857144,0.034401355870289335,1.6293380952380951,0.033057729446991195,1.611457142857143,0.03372193012608517
2012-02,2012,2,0.22533333333333336,0.676,3,91.4914485,94.33333,73.782275,67.5,82.00717346153846,1.9785942930615015,2356.2400000000002,73.34577826978204,1.6531571428571428,0.005884264731346906,1.6877380952380954,0.006263343850570196,1.6704857142857141,0.0060616240162423216
2012-03,2012,3,0.12970214285714285,1.81583,14,92.21754833333334,94.33333,75.78571391304348,71.85714,83.61293964285714,2.0700497184894844,2359.2504545454544,49.29811871975796,1.6822333333333335,0.018889238558854972,1.7164857142857142,0.01862660156105481,1.6993809523809522,0.018748323099616486
2012-04,2012,4,0.1934463157894737,3.6754800000000003,19,90.23731791666667,93.125,74.85504759999999,71.0,82.655833,1.7497523978614007,2266.7825000000003,74.70922361677326,1.7378578947368422,0.019975299074091915,1.7735894736842106,0.02228611662340578,1.7557578947368422,0.02112006196827711
2012-05,2012,5,0.454068947368421,8.62731,19,89.58659263157895,93.2,73.67875842105263,70.83333,80.81906066666667,1.9155307390632232,2313.9343478260867,88.5276922686848,1.8094619047619047,0.023205806949780472,1.851804761904762,0.025361101635979308,1.8306666666666669,0.02422846122504146
2012-06,2012,6,0.3657847058823529,6.2183399999999995,17,84.25306071428572,87.2,72.33865066666667,69.8,78.9095396,2.107603401823738,2264.209523809524,58.34755011790902,1.7775190476190477,0.40741220970786773,910.1983142857143,4162.766342465911,455.98793809523806,2081.39404360538
2012-07,2012,7,0.14653846153846153,1.905,13,82.62523733333335,86.44444,71.48433764705884,69.5,77.39962090909091,1.311108390637154,2349.8186363636364,55.58636628796289,1.8964095238095235,0.00815487000275931,1.9326190476190477,0.0067940134712568155,1.914542857142857,0.007464286397812558
2012-08,2012,8,0.035458823529411765,0.6028,17,83.25066789473685,87.2,70.88134941176472,69.57143,76.62276791666666,1.0918067002628966,2512.2608695652175,64.78838784234013,1.9099095238095238,0.0018806660420991011,1.9425809523809523,0.00245328739605027,1.9262666666666666,0.0020411598010281144
2012-09,2012,9,0.12588136363636362,2.76939,22,85.42690999999999,88.0,72.483035,70.0,78.012857,1.2141671569892598,2620.284,64.77533313814685,1.8937,0.010251503954705253,1.925021052631579,0.007768853694033205,1.9093894736842103,0.008998450158952788
2012-10,2012,10,0.3434775,6.86955,20,87.37136333333332,89.0,72.97119842105263,70.125,79.07794761904762,1.300184336849602,2463.535652173913,44.898611117017296,1.8765227272727274,0.005242584951118665,1.908809090909091,0.007061357558060012,1.8927,0.0061460014101312474
2012-11,2012,11,0.24554125000000002,1.9643300000000001,8,90.097143,92.0,74.50615125,73.0,81.69426409090909,1.8612836704496336,2478.1645454545455,42.51142902094205,1.862909090909091,0.003452108960774077,1.8935954545454547,0.003943346086127651,1.8782772727272727,0.003411176562584488
2012-12,2012,12,0.0,0.0,0,89.706905,92.0,73.71296333333333,69.0,81.75224032258065,1.7609673674725577,2410.3424999999997,73.20328701816015,1.8680611111111114,0.001231994503849895,1.9001166666666667,0.001203548674447699,1.8841166666666664,0.001176360288947111
2013-01,2013,1,0.09,0.18,2,92.54853461538461,94.8,72.01874875,67.0,82.50741193548387,1.9977348208732477,2275.4363636363637,37.3472424615326,1.8892227272727273,0.015197742057172836,1.9040272727272727,0.0035324592564201394,1.896640909090909,0.008044143630819062
2013-02,2013,2,0.604476,3.02238,5,94.593096,96.0,74.75162083333333,68.44444,83.83837785714286,1.7007663141793155,2197.704,41.09169968689402,1.903455,0.0032115703651837166,1.9060549999999998,0.003211570365183721,1.9047550000000002,0.003211570365183707
2013-03,2013,3,0.2543936363636364,2.79833,11,92.948511875,96.25,74.84375,70.33333,84.00883225806452,2.0374724621856197,2153.359,39.59118414628794,1.922821052631579,0.00865849479781211,1.925378947368421,0.008640960527071431,1.9241157894736842,0.008662836535575806
2013-04,2013,4,0.23335714285714285,3.267,14,92.60246,94.42857,74.37380916666667,72.5,83.20328033333334,2.1068018044116767,2294.4886363636365,71.12998137517614,1.9443666666666666,0.010221170839651014,1.9469142857142856,0.010213632346735778,1.9456666666666667,0.010221170839650991
2013-05,2013,5,2.2144911111111107,19.930419999999998,9,88.77275222222222,91.66667,73.38299428571429,70.71429,81.79242225806452,2.1704274458129365,2345.729090909091,66.01199342032247,1.9595285714285715,0.011853992696857246,1.9624142857142859,0.011671687355060752,1.961004761904762,0.011723714265985683
2013-06,2013,6,0.09738461538461539,1.266,13,86.48571499999998,88.66667,73.89384916666667,71.83333,79.568439,1.598957942267506,2283.5834999999997,82.42491545100464,1.984,0.007865045922842461,1.986505,0.00785778025439219,1.9853,0.007865045922842448
2013-07,2013,7,0.05445833333333333,0.6535,12,84.21604888888889,86.42857,72.5720911111111,70.0,77.39203774193548,1.50855312648844,2308.5291304347825,69.68563155101673,1.9901454545454547,0.004453861596062775,1.9926590909090907,0.004445721227139269,1.9914454545454545,0.004453861596062799
2013-08,2013,8,0.02,0.04,2,83.238095,87.0,71.40740666666666,70.0,76.65805193548387,1.0525996649958913,2483.6072727272726,58.204862681968635,1.9949190476190475,0.006632843963762394,1.9974333333333334,0.006630409740983804,1.9962190476190476,0.0066328439637624035
2013-09,2013,9,0.1237225,1.48467,12,84.70844181818183,88.75,72.57291625,71.83333,78.19940433333333,1.8019848100122977,2616.0514285714285,62.73145090667963,1.9964600000000001,0.0010169096632238806,1.998985,0.0009900956891554383,1.99776,0.0010169096632238243
2013-10,2013,10,0.2219375,1.7755,8,86.90828777777777,89.83333,73.12004,70.5,79.847817,1.6803556103522874,2730.696956521739,47.76829315796527,1.9120454545454544,0.42713812389333367,911.0053363636365,4264.033461453002,456.45873636363643,2132.0263294019264
2013-11,2013,11,0.21800000000000003,1.09,5,89.8,90.6,73.95,72.33333,81.394127,1.5566990806237517,2755.173333333333,65.48663331805477,2.0597000000000003,0.01483539686021245,2.0622000000000003,0.01483539686021254,2.061,0.014835396860212784
2013-12,2013,12,0.085,0.17,2,89.9122,91.33333,68.76785714285714,64.75,80.4810293548387,2.51020519614624,2824.537619047619,28.37521769163405,2.1075842105263156,0.028801934023755416,2.1100842105263156,0.028801934023755464,2.108884210526316,0.02880193402375541
2014-01,2014,1,0.31889,0.95667,3,90.90054333333333,92.83333,73.5,70.0,81.84756448275861,1.5890166968636135,2819.429090909091,89.62290087382229,2.287631818181818,0.04756379561893319,2.290359090909091,0.04807046077513916,2.289040909090909,0.047806252421234104
2014-02,2014,2,0.25,0.5,2,91.88888666666666,94.33333,73.11157333333334,68.4,82.16621285714287,2.0697393864783264,2994.364,27.703521797778812,2.441545,0.04445755486090662,2.448815,0.03993473985602566,2.4452,0.04202261296016706
2014-03,2014,3,0.11199999999999999,0.5599999999999999,5,93.16667,93.16667,74.43928600000001,73.0,82.47420612903225,1.70288838567237,3041.6666666666665,26.536861783815738,2.5815,0.052885855237582394,2.584055,0.05292055092803114,2.5827999999999998,0.05288585523758237
2014-04,2014,4,0.17654166666666668,1.05925,6,91.134525,94.6,75.0520825,71.875,82.5187974074074,1.69064519459423,3050.6133333333332,26.7558710068152,2.73857,0.037959536628528925,2.74117,0.0379595366285291,2.7398700000000002,0.03795953662852919
2014-05,2014,5,0.2437159090909091,5.36175,22,88.81732777777778,92.33333,74.48987142857143,71.16667,81.97292709677419,2.3363369246424965,3029.994761904762,62.18690116246727,2.8584,0.03283847230243696,2.86095,0.0328175578808533,2.859675,0.032827986696206554
2014-06,2014,6,0.3790071428571429,7.95915,21,87.28055533333333,90.16667,74.07390235294118,71.6,79.72851724137931,1.6952027364909508,3174.3276190476195,23.51204540331647,2.9807904761904758,0.044046315450465265,2.9832380952380952,0.044071038973349394,2.982014285714286,0.0440586573299086
2014-07,2014,7,0.11897333333333333,2.49844,21,83.65883421052631,86.75,72.90090714285714,71.0,77.79668451612903,1.4204616201804232,3196.0404347826084,33.09490656749868,3.0238095238095237,0.010358952879606342,3.0262857142857142,0.0103839436494182,3.025047619047619,0.010371336415699761
2014-08,2014,8,0.124547,2.49094,20,83.1113095,87.375,71.830337,69.57143,76.81656419354839,1.385318436328568,3270.2690476190473,19.258680096196162,3.0586190476190476,0.042748083220743735,3.06122380952381,0.04275667088024869,3.0599238095238093,0.042756670880248863
2014-09,2014,9,0.2008821052631579,3.81676,19,84.84454894736842,88.5,73.09383842105264,71.83333,77.84547666666667,1.1885294005541478,3220.7913636363637,99.85735370281002,3.187090476190476,0.019695860091955977,3.1896714285714283,0.019709442986983187,3.1883809523809523,0.019702629749543957
2014-10,2014,10,0.17062142857142856,4.7774,28,87.3686847826087,91.0,73.41932666666666,70.625,79.4483229032258,1.594850730952987,3100.8269565217392,67.81924113103075,3.195122727272727,0.0009831590571221273,3.1976863636363633,0.001010089790702442,3.1964045454545453,0.0009959332893737355
2014-11,2014,11,0.14185923076923077,1.84417,13,89.30164846153846,91.5,73.224108125,70.66667,80.73228900000001,1.8790842753638397,2909.091,36.286677546565365,3.19573,0.001381494232991696,3.1982749999999998,0.0013768289271863232,3.1970300000000003,0.001381494232991623
2014-12,2014,12,0.258125,2.065,8,89.91841764705883,91.66667,73.85468666666667,66.14286,81.6141835483871,1.4369640419127852,2957.6600000000003,38.4504192806415,3.1961649999999997,0.001387642832856822,3.198665,0.0013876428328569662,3.1974650000000002,0.0013876428328568045
2015-01,2015,1,0.20785714285714288,1.455,7,90.60648166666665,92.5,72.08786928571429,65.14286,81.21036666666667,2.7095249666246457,2921.0533333333333,93.80666790443674,3.2170428571428573,0.011078879520446661,3.2202190476190475,0.011136993267826752,3.2186380952380955,0.011103309245016917
2015-02,2015,2,0.2079842857142857,2.91178,14,96.33333333333333,97.0,75.440456,70.44444,82.94016357142857,1.6988114613157888,2946.825,92.41502967876147,3.3605899999999997,0.07319784940757974,3.363855,0.07336638750674239,3.362225,0.07327854482438197
2015-03,2015,3,0.237278,3.55917,15,92.57981466666666,96.8,75.08933294117647,71.375,83.282103,2.1271656677698996,2882.2322727272726,97.13434633251953,3.5890714285714282,0.0925682566696445,3.5926714285714287,0.09267324394266742,3.5908714285714285,0.09262074358834078
2015-04,2015,4,0.322605625,5.16169,16,92.2855505882353,93.71429,74.97441647058824,72.0,83.32220866666667,1.9418397169902872,2868.274761904762,60.85694911996871,3.81031,0.02254529709390891,3.8141249999999998,0.022555192540218157,3.812225,0.022555192540218157
2015-05,2015,5,0.2331091304347826,5.36151,23,90.52149444444444,93.33333,74.60085720000001,70.33333,82.32676677419354,2.0642415505610248,3095.998,95.39949004608258,3.891321052631579,0.04398640672535301,3.8952210526315794,0.0440505212347443,3.8932842105263155,0.044011529589893746
2015-06,2015,6,0.2920175,7.00842,24,85.60357136363636,88.0,73.5450304347826,70.57143,79.14062233333334,1.6393878451688793,3239.0213636363637,78.10355057446287,4.191222727272727,0.10291848337776464,4.1954,0.10301420614005909,4.193322727272728,0.10297548451575918
2015-07,2015,7,0.296354375,4.74167,16,84.70357157894738,88.2,73.07919789473685,68.0,78.29150064516129,1.3192752890708181,3325.9604347826084,50.89540472900934,3.4889047619047617,0.2743141948135208,3.492428571428571,0.2745843752708029,3.490680952380952,0.2744392676332008
2015-08,2015,8,0.07761421052631579,1.47467,19,84.53903749999999,88.0,72.53212719999999,71.5,77.72083967741936,1.110858986662977,3153.0495238095236,35.249846592033684,3.878695238095238,0.15501940032199357,3.8825857142857143,0.15516617635849111,3.880652380952381,0.15508833166633657
2015-09,2015,9,0.07764076923076924,1.00933,13,86.07162722222222,89.5,73.4932145,72.0,78.87982833333334,1.155399495732325,3278.455,66.14354388463788,3.76571,0.051335049071349906,3.769495,0.05139757801993965,3.76762,0.05135099650547456
2015-10,2015,10,0.0,0.0,0,89.0,89.0,74.50216225,73.6,80.45161290322581,1.0595190631419982,3198.3018181818184,57.7306148570662,3.765,0.029448389073896956,3.768790909090909,0.02945947836946309,3.7668999999999997,0.02944838907389694
2015-11,2015,11,0.051666666666666666,0.155,3,91.62222333333334,92.0,75.51111,75.2,81.93121703703703,1.5768215429362278,3360.840476190476,47.013870982529156,3.7884285714285717,0.0027729303736557364,3.7922285714285713,0.0027729303736557364,3.7903285714285717,0.0027729303736557364
2015-12,2015,12,1.97,1.97,1,91.7696425,95.33333,71.88320999999999,67.0,81.45300806451614,1.789742148652369,3345.6509090909094,65.77183149481105,3.7922400000000005,0.005225383390618092,3.79604,0.005225383390618065,3.79414,0.005225383390618092
2016-01,2016,1,0.028999999999999998,0.145,5,93.17070304347827,96.5,73.48487125,68.0,83.2941325,1.5637669017581364,2952.42,96.00139423329641,3.8076749999999997,0.015257539120054592,3.811475,0.015288863335946938,3.8095849999999998,0.015272344286323432
2016-02,2016,2,0.053000000000000005,0.265,5,96.04153388888888,100.5,76.7325,70.0,85.83483391304348,2.2778569892130465,2916.365714285714,49.96275648634987,3.871966666666667,0.017992257594124463,3.875895238095238,0.01796464517296338,3.873947619047619,0.017979978282734725
2016-03,2016,3,0.34449761904761905,7.23445,21,93.86414529411765,100.0,75.9072216,71.33333,84.47872483870968,2.480323062020849,3073.5181818181813,55.583790600220865,3.8469499999999996,0.012512583140267423,3.850805,0.012535653364031498,3.84889,0.012524876299420817
2016-04,2016,4,0.15324055555555555,2.75833,18,92.41791947368421,96.6,76.42705636363637,67.0,84.471812,1.413177779311822,3078.495238095238,118.03991704584742,3.815804761904762,0.014098456518018764,3.8196285714285714,0.01411205664873624,3.8177190476190477,0.014106580700071012
2016-05,2016,5,0.2910588888888889,7.85859,27,90.29770428571429,94.5,75.39961612903227,71.33333,82.16236548387097,2.058374222794675,3098.6585714285716,92.19982897412096,3.8133749999999997,0.013762185987621902,3.817205,0.013770008408818842,3.81529,0.013766049007001116
2016-06,2016,6,0.23033310344827587,6.67966,29,86.57424599999999,92.0,73.25839259259259,70.11111,79.628624,1.4114249583399148,3122.516818181818,63.48624735861808,3.884290909090909,0.027957295820776197,3.8882272727272724,0.027956210347071523,3.8862772727272725,0.027963461394473022
2016-07,2016,7,0.19074724137931034,5.53167,29,84.53497300000001,88.33333,73.09835607142857,70.33333,78.4320535483871,1.4857403316271807,3049.975238095238,87.19355254943122,3.9374894736842103,0.0060806518964156364,3.941431578947368,0.006081853941720258,3.939478947368421,0.006074315594494438
2016-08,2016,8,0.08562499999999999,2.3975,28,83.70873071428571,87.5,72.43025413793103,69.33333,77.48315322580645,0.8220976165735512,3033.183043478261,51.69239291975907,3.9430695652173915,0.001662537705001843,3.9470521739130437,0.0016555333019405282,3.9450695652173913,0.0016625377050018624
2016-09,2016,9,0.28256533333333334,8.47696,30,85.5926875,88.0,73.22103142857144,71.2,78.78265833333333,1.0489316518974439,2881.1872727272726,51.971679300852365,3.9557,0.008552561943036302,3.959655,0.008552221933509298,3.9576900000000004,0.008549170473763646
2016-10,2016,10,0.24951851851851853,6.737,27,88.55453,90.57143,73.8173073076923,71.75,80.58891533333333,1.5127103547486138,2711.349523809524,55.98941707824691,3.965271428571429,0.0036084820710573233,3.969233333333333,0.003628682038059146,3.9672666666666667,0.003611417081054714
2016-11,2016,11,0.12180047619047618,2.55781,21,91.4654925,93.57143,74.741309,72.33333,82.64105714285714,1.352296282700783,2500.479090909091,78.96009690911033,3.9725318181818183,0.014401765313872014,3.976504545454546,0.014416507643694232,3.9745227272727273,0.0144083947692603
2016-12,2016,12,0.12736166666666668,0.76417,6,90.60241076923077,92.0,73.436955,70.0,81.81770666666667,1.762842184259078,2287.8019047619046,78.14249513670826,4.099415789473684,0.055505367740004974,4.103484210526315,0.05557926534996784,4.101457894736842,0.0555441497648438
2017-01,2017,1,0.2866666666666667,1.72,6,92.50565160000001,94.66667,73.00383,67.16667,82.64715838709677,1.3678881609744191,2195.8542857142857,43.25035844607847,4.233423809523809,0.021524332852888177,4.237647619047619,0.021543783768122545,4.235547619047619,0.021543783768122764
2017-02,2017,2,0.21118,2.53416,12,94.08665624999999,96.33333,75.14584884615384,67.0,84.20311785714286,1.6466551312716888,2034.0814999999998,56.06518323626331,4.37077,0.055524912379371155,4.375135,0.05559088599098959,4.372965,0.05555458458508179
2017-03,2017,3,0.31250391304347824,7.18759,23,93.8845716,97.0,75.70628366666666,71.5,83.65079322580645,1.4505930852548694,2057.8004347826086,93.51953575582063,4.48195,0.10259725583446133,4.486418181818181,0.10269100037706014,4.484190909090909,0.102638370756336
2017-04,2017,4,0.18156380952380952,3.81284,21,92.37049807692308,94.0,75.3023215,72.4,83.26592600000001,1.7557222015349576,1961.1573684210525,94.98604311757845,4.1944,0.035527272043087234,4.198561111111111,0.03556113441730711,4.196488888888889,0.03553801425961114
2017-05,2017,5,0.2942939285714286,8.24023,28,90.5493492,93.57143,74.7263328,71.75,82.22712580645161,2.1315494614931696,1983.485,86.88862629004693,4.23547619047619,0.04489184675151908,4.239709523809524,0.04495852427251058,4.237609523809524,0.04493307139248213
2017-06,2017,6,0.3736963333333333,11.21089,30,87.04623041666667,91.5,74.06331379310345,69.33333,79.981838,1.9017000590313926,1998.2477272727274,68.5961258056249,4.330071428571428,0.0255609300076727,4.334357142857143,0.025571616519660317,4.332228571428571,0.025551088878111132
2017-07,2017,7,0.20715879999999998,5.17897,25,84.2957451724138,86.5,73.14993923076923,68.57143,78.38113799999999,0.8258567362542688,1988.5795238095238,61.86569562174099,4.3647,0.006550532320674961,4.369055,0.006552819802835057,4.36689,0.006550926009271422
2017-08,2017,8,0.06939655172413792,2.0124999999999997,29,82.71349239999999,86.71429,72.2082856,69.5,77.18441766666666,1.179108971866359,1988.556956521739,65.34135335679883,4.3829521739130435,0.009187485043412111,4.387352173913043,0.009187485043413036,4.385152173913044,0.009187485043411978
2017-09,2017,9,0.14662076923076922,3.81214,26,85.36008541666666,89.83333,73.03633359999999,71.0,78.57571433333332,1.278133773061017,1998.297619047619,27.391753486179397,4.401457894736843,0.0034060918936964168,4.4058631578947365,0.0034083574614167922,4.403663157894737,0.0034083574614168664
2017-10,2017,10,0.27611290322580645,8.5595,31,89.12395142857143,91.6,73.75173793103448,71.5,80.95627225806452,1.2366786134823908,2097.0545454545454,25.762647144243143,4.379127272727273,0.007875712020308732,4.383504545454546,0.007864717914762596,4.3813272727272725,0.00787571202030884
2017-11,2017,11,0.12307692307692308,1.6,13,89.9358875,92.875,74.18970444444444,72.16667,81.43478173913044,1.9544254598164312,2127.900909090909,45.43309491350889,4.393772727272727,0.010508508199965853,4.398163636363637,0.010519349312419695,4.395968181818183,0.010513908537136027
2017-12,2017,12,0.21095214285714284,2.95333,14,90.04302137931035,92.5,73.45500285714286,66.5,81.5189706451613,1.7995197335584454,1917.6834999999999,44.006614009475186,4.410055555555555,0.0011877919317802423,4.414483333333333,0.0012171567640345499,4.412277777777778,0.0012197181716692468
2018-01,2018,1,0.7483333333333332,4.489999999999999,6,91.72489433333334,94.5,72.02677107142857,67.6,82.1056070967742,1.9157342163257594,1951.9681818181818,37.04165938332313,4.418681818181818,0.0025171102788407915,4.423081818181818,0.002517110278840899,4.420881818181818,0.0025171102788411194
2018-02,2018,2,0.19403299999999998,1.9403299999999999,10,94.3980316,97.33333,76.37804799999999,70.85714,84.64988642857143,2.310703782990693,2122.799,72.6646139827573,4.41728,0.002005151260864616,4.421715,0.0020178871180156106,4.419515,0.0020178871180158023
2018-03,2018,3,0.17727777777777778,4.7865,27,92.42048307692309,94.0,75.40909615384615,72.0,83.13315419354838,1.4595615659545937,2503.9509523809525,91.4051025328874,4.4114249999999995,0.006228109031258856,4.41584,0.006219020061578416,4.413635,0.006225522594846573
2018-04,2018,4,0.2704018181818182,5.94884,22,91.49520807692308,93.57143,75.42896913043478,71.42857,83.35379666666667,1.8326560443291282,2624.7357142857145,106.17095853252101,4.403155,0.0009741257889165616,4.407555,0.000974125788916459,4.405355,0.0009741257889165511
2018-05,2018,5,0.4530192,11.32548,25,89.07941279999999,93.2,74.37614592592593,69.85714,81.06560290322581,2.1287725995937845,2659.936818181818,96.61067087795786,4.411695238095239,0.004146139914484621,4.416114285714285,0.004131015094898965,4.413914285714286,0.004131015094899105
2018-06,2018,6,0.243208,7.29624,30,87.07879761904762,89.77778,73.51203629629629,71.28571,79.33271133333332,1.8391817832614958,2410.7595238095237,63.938486491016846,4.4602699999999995,0.030595168177172942,4.46472,0.030628548773979167,4.462515,0.0306297116676295
2018-07,2018,7,0.23635535714285713,6.6179499999999996,28,84.58127269230769,87.2,73.56025888888888,71.28571,78.20741225806451,0.9151950758197593,2357.0472727272727,94.98202442376318,4.645261904761905,0.06928801105667917,4.649861904761904,0.06934546471248564,4.647571428571429,0.06931674503939964
2018-08,2018,8,0.2441325,5.85918,24,85.04268074074074,88.0,72.63594516129032,69.5,78.10116548387096,1.1884523422749997,2171.61,87.26310716865001,4.7059500000000005,0.010367520252715222,4.7106045454545455,0.010369895865423915,4.708295454545454,0.010362959554872774
2018-09,2018,9,0.2336976,5.84244,25,85.824405,88.5,73.43634920000001,71.0,78.74550266666667,1.2352628223481097,2195.088,59.72818488346756,4.754852631578948,0.015352428994246981,4.759594736842105,0.015368997425705903,4.7572368421052635,0.015351735715341147
2018-10,2018,10,0.2325955172413793,6.74527,29,88.18407095238095,90.8,73.76424074074075,71.0,80.3184329032258,1.4286388737610665,2134.2004347826087,70.30920710936684,4.789839130434783,0.004531379393682226,4.794626086956521,0.004535638412646835,4.7922391304347824,0.004531379393682186
2018-11,2018,11,0.21371227272727272,4.70167,22,90.77636,93.0,74.55916217391304,71.66667,82.192103,1.5693014176754823,2185.0363636363636,74.06122355029152,4.788736363636364,0.004166138494662955,4.793522727272727,0.004174289995879232,4.791131818181818,0.004168862624795233
2018-12,2018,12,0.1357142857142857,0.95,7,91.65973086956522,93.5,73.79748043478261,67.66667,83.21784366666667,1.8319843281111077,2208.406,87.91887147879706,4.812288888888889,0.004215222956756182,4.817088888888889,0.004215222956756663,4.814688888888889,0.004215222956756456
2019-01,2019,1,0.14161857142857143,0.99133,7,93.185615,95.33333,75.07105090909091,72.14286,84.13143870967741,1.153776333791901,2263.335909090909,62.18183409960927,4.892285714285714,0.044184842261959664,4.897157142857143,0.04421630436194944,4.894738095238095,0.04420902030344526
2019-02,2019,2,0.45015285714285713,6.30214,14,93.64685615384616,97.8,75.6376512,71.8,84.49034928571429,1.3347922781242845,2255.803,43.843114216607965,5.0137,0.06072681710570286,5.018705,0.06080772522770752,5.016205,0.06077090262011208
2019-03,2019,3,0.19097875,4.58349,24,94.09128423076923,97.16667,75.50821115384616,72.55556,84.183915,1.574919056625583,2200.485714285714,32.675231685701796,5.17715,0.0689986536863313,5.1823250000000005,0.0690603692812539,5.179745,0.06903030970446795
2019-04,2019,4,0.31461357142857144,8.80918,28,92.7897936,94.8,75.95252214285713,72.0,83.83092566666667,1.3947965627749639,2331.131428571429,40.67789317131769,5.0839300000000005,0.0011621667603861107,5.0889299999999995,0.0011621667603860842,5.08643,0.001162166760385684
2019-05,2019,5,0.34655870967741936,10.74332,31,90.77553959999999,93.83333,75.26428586206897,71.88889,81.89539161290323,1.7030804431247442,2315.0763636363636,40.59398683425362,5.1057227272727275,0.026276658695652603,5.1108,0.02634228901360316,5.1082636363636365,0.02630856361492442
2019-06,2019,6,0.278329,8.34987,30,86.83206888888888,90.25,74.5508416,69.8,79.86558199999999,1.6865909760517843,2407.73,44.901047578917556,5.237621052631579,0.01714297974058046,5.242821052631579,0.017142979740580204,5.240221052631579,0.01714297974058049
2019-07,2019,7,0.16412285714285715,4.59544,28,84.92675461538462,87.75,73.90724208333334,71.85714,78.67777741935484,0.9155403225999675,2416.5308695652175,42.4620623094679,5.25344347826087,0.002215611158647926,5.258647826086957,0.0022123351639094934,5.256047826086957,0.0022123351639093763
2019-08,2019,8,0.06270366666666666,1.8811099999999998,30,84.6698824137931,87.16667,72.8393672413793,71.0,78.08360225806452,0.8568042254942094,2194.697272727273,50.08736445374278,5.2685699999999995,0.009262095931949378,5.27377,0.00926209593194921,5.27117,0.009262095931948674
2019-09,2019,9,0.21400172413793103,6.20605,29,86.233254,88.28571,73.7234625,71.375,78.82286966666668,1.346725184354901,2304.4038095238093,90.62309112341002,5.303995,0.009622860664501845,5.309365,0.009678912237708809,5.306685,0.009647267134162906
2019-10,2019,10,0.3064227586206897,8.88626,29,87.399186,89.44444,73.54763541666667,70.5,79.36702516129031,1.0024556977970698,2435.271739130435,30.715255263937642,5.320804347826087,0.006657154610633564,5.326204347826087,0.006657154610633605,5.323504347826087,0.006657154610633334
2019-11,2019,11,0.17750708333333334,4.2601700000000005,24,91.0575595,93.375,74.5155236,72.5,82.25861133333333,1.3420130576648603,2519.6633333333334,63.672975533842724,5.386128571428571,0.059775640045566236,5.391566666666667,0.059854768676633814,5.3888476190476196,0.05981520391211252
2019-12,2019,12,0.20261928571428572,2.8366700000000002,14,92.58371347826086,95.16667,74.20415214285715,66.25,82.79495103448275,1.2478722631782504,2444.7061904761904,59.650241112353584,5.534863157894736,0.003428509641604272,5.540463157894737,0.0034285096416044047,5.537663157894737,0.0034285096416044095
2020-01,2020,1,0.13666666666666666,1.23,9,93.67325714285714,96.33333,72.55385827586207,62.8,82.88530483870967,2.3888548003745367,2603.0731818181816,110.95632621662085,5.524742857142857,0.01663702411576595,5.530323809523809,0.016690533387579767,5.527533333333333,0.016663773082149
2020-02,2020,2,0.0,0.0,0,95.9488892,99.66667,76.20642181818181,72.16667,85.89115607142857,1.6638745952864227,2716.2105,52.14169868581283,5.31678,0.03975643741319721,5.32206,0.03985017202630816,5.31942,0.03980330057723967
2020-03,2020,3,0.3083368,7.70842,25,93.51015866666667,98.0,76.611035,72.28571,84.53490806451613,1.8998980214815375,2338.471818181818,160.59679533766308,5.353804761904762,0.05346320675184496,5.35917619047619,0.053496045692760674,5.356485714285714,0.05348489773491431
2020-04,2020,4,0.3025769230769231,7.867,26,91.98519538461538,97.125,75.7638123076923,71.75,83.45030433333334,1.9193333719409165,2270.2414285714285,45.65810314563162,5.51235,0.03799006102709063,5.51792,0.03804325239292234,5.515135,0.03801664836136421
2020-05,2020,5,0.2293157142857143,6.42084,28,91.53779750000001,94.375,75.66927692307692,72.25,83.25520999999999,2.040284641614172,2315.9880000000003,22.197280677454213,5.608078947368421,0.007035590391982054,5.61367894736842,0.007035590391981985,5.6108789473684215,0.007035590391981712
2020-06,2020,6,0.31198000000000004,9.04742,29,87.13115071428571,91.375,74.22091857142857,69.66667,80.33771166666666,1.8023819009607602,2228.356818181818,93.28855466910765,5.639904545454545,0.017065991726033677,5.645504545454545,0.017065991726034332,5.642704545454546,0.017065991726033472
2020-07,2020,7,0.11557642857142857,3.23614,28,84.16767774193549,86.28571,72.94993366666667,70.28571,78.30197096774194,1.0117758408144055,2101.742608695652,60.16726973555309,5.669627272727272,0.003786213313511492,5.675227272727273,0.0037862133135112453,5.672427272727273,0.0037862133135117978
2020-08,2020,8,0.0459375,0.735,16,85.53217107142858,88.66667,71.32568448275862,67.42857,78.25582451612902,1.315619813458884,2348.6757142857145,52.300431506004784,5.678715,0.0019937468033302402,5.684315,0.0019937468033299176,5.681515,0.0019937468033301865
2020-09,2020,9,0.1559492857142857,4.36658,28,86.56272884615386,89.55556,72.96637296296296,71.0,78.93347933333332,1.045546069549911,2457.895909090909,39.49893773846989,5.694290476190476,0.005303103314278141,5.699966666666667,0.005367898409371778,5.697119047619047,0.005329973644176811
2020-10,2020,10,0.285887,8.57661,30,87.84430653846154,91.0,73.21204137931034,70.5,80.25394225806451,1.2254660355737057,2292.055909090909,50.1268022271034,5.702531818181819,0.0026143170579810754,5.708331818181818,0.0026143170579818113,5.705431818181818,0.00261431705798192
2020-11,2020,11,0.27894071428571426,7.81034,28,90.70451586206897,92.4,74.185,72.5,82.011759,1.1065189604662793,2358.185238095238,155.8018136164996,5.7091095238095235,0.0009766804809682845,5.714909523809523,0.0009766804809682845,5.712009523809524,0.0009766804809684222
2020-12,2020,12,0.10302631578947369,1.9575,19,90.85035551724137,93.2,74.81726862068965,72.83333,82.48796774193548,1.082915530964785,2407.2013636363636,49.76640187108937,5.717975,0.011296710047387583,5.723775,0.011296710047387151,5.720875,0.011296710047387415
2021-01,2021,1,0.208124375,3.32999,16,91.67779032258065,93.66667,74.23396833333332,71.22222,82.79102709677419,1.300446996403397,2391.4065,32.97353728051447,5.757868421052632,0.0005617953676275458,5.763668421052632,0.0005617953676274408,5.7607684210526315,0.0005617953676274287
2021-02,2021,2,0.91963,8.27667,9,93.3054175,96.0,76.8075,73.5,84.20758760000001,1.352998021291602,2405.4415,53.623728670980725,5.7546100000000004,0.005499751190544325,5.76041,0.005499751190544091,5.75751,0.005499751190544067
2021-03,2021,3,0.30955571428571427,6.5006699999999995,21,91.73733111111112,95.5,74.95798111111111,70.33333,82.87570387096774,1.8696874317394685,2462.4665217391303,64.90437529786666,5.724631818181819,0.0013360875233793099,5.730431818181819,0.0013360875233794118,5.727531818181817,0.001336087523379527
2021-04,2021,4,0.20997,2.93958,14,92.16637296296295,94.75,76.67538,73.0,83.881283,1.7045044247302905,2368.332857142857,34.805455771022,5.72787,0.0009459609427786838,5.73367,0.0009459609427787614,5.73077,0.0009459609427789939
2021-05,2021,5,0.18815916666666666,4.51582,24,91.40128586206897,95.0,76.07317142857143,73.42857,83.11497677419355,1.6056061398703136,2412.8630000000003,56.04465354096064,5.7304157894736845,0.004376358602752324,5.736215789473684,0.004376358602752626,5.733315789473684,0.0043763586027521905
2021-06,2021,6,0.1175,2.82,24,88.65232296296297,94.0,74.83873916666667,71.4,80.97936466666667,2.1690242717131873,2366.2336363636364,18.40476841562806,5.749454545454546,0.004234521086400434,5.755254545454545,0.004234521086400668,5.752354545454545,0.00423452108640035
2021-07,2021,7,0.20790608695652174,4.78184,23,85.7135712,88.66667,73.61113827586207,70.4,79.03394774193549,1.4608045234315479,2327.1,49.33067113151516,5.78192380952381,0.015066847870802263,5.7877238095238095,0.015066847870802688,5.78482380952381,0.015066847870802725
2021-08,2021,8,0.20107545454545453,4.42366,22,85.17062071428572,87.75,73.55555555555556,72.0,78.87617709677419,0.9037762244095376,2484.311818181818,66.49074856065187,5.823509523809524,0.014074974414253313,5.829309523809523,0.01407497441425433,5.826409523809524,0.014074974414254336
2021-09,2021,9,0.29184206896551723,8.46342,29,86.13511928571428,89.0,73.61547666666667,72.25,78.86732833333333,1.2042157159661548,2558.093181818182,35.15751987384292,5.856347619047619,0.004625647959758117,5.86214761904762,0.004625647959757896,5.859247619047619,0.004625647959758238
2021-10,2021,10,0.3181064285714286,8.90698,28,88.72527766666667,92.0,74.1903993548387,71.16667,80.71321032258065,1.2518899779626127,2567.5690476190475,64.48791040999589,5.878795238095238,0.013065430578073686,5.884623809523809,0.013108428767854417,5.881709523809524,0.013086898210114493
2021-11,2021,11,0.25032625000000003,6.00783,24,90.43725892857142,93.0,74.22487321428571,72.0,81.99957586206897,1.1714226812894686,2393.325909090909,53.906818250533775,5.904027272727273,0.005566411327321954,5.910027272727273,0.005566411327321764,5.907027272727273,0.005566411327321887
2021-12,2021,12,1.2407142857142859,8.685,7,91.7808147826087,94.28571,75.5254161904762,69.44444,83.45924633333334,1.4497366100052584,2384.974090909091,38.55412073079422,5.94389,0.026878790307992232,5.94989,0.026878790307992197,5.94689,0.026878790307992218
2022-01,2022,1,0.0,0.0,0,93.14673666666665,95.16667,72.64404777777777,66.6,83.73973387096775,1.526102266354121,2467.355238095238,67.47479726676083,6.0074000000000005,0.005948389137685705,6.0134,0.005948389137685556,6.010400000000001,0.005948389137685707
2022-02,2022,2,0.11981444444444445,1.07833,9,94.01931818181819,96.16667,76.39424611111112,69.75,84.61415333333333,1.48418584337832,2550.945,57.855918907503266,6.304475,0.16001744929521658,6.3108249999999995,0.16015204576638334,6.30765,0.16008474564890174
2022-03,2022,3,0.18866074074074074,5.09384,27,92.97889714285714,95.16667,75.60752741935484,72.0,84.1244370967742,1.4032800071646243,2461.38,42.647116283199225,7.042990909090909,0.09099211849223936,7.050072727272727,0.09109716519460691,7.046531818181818,0.0910446378555655
2022-04,2022,4,0.3433085185185185,9.26933,27,90.8665575862069,94.85714,74.73073222222222,72.5,82.85394166666667,1.8465541143588937,2455.349,37.98362748398432,7.108668421052631,0.000276993043592697,7.115868421052632,0.00027699304359259965,7.112268421052632,0.0002769930435923215
2022-05,2022,5,0.3630685714285714,10.16592,28,90.02899466666666,92.83333,74.81221965517241,71.66667,81.98749354838709,1.841637832688697,2366.616818181818,41.369399823720805,7.122365,0.011421322395553246,7.1295649999999995,0.01142132239555318,7.125964999999999,0.011421322395552979
2022-06,2022,6,0.4684560714285714,13.116769999999999,28,87.32007,91.0,73.2122574074074,69.16667,79.72920633333334,1.9337137772573962,2321.780909090909,47.9153261999589,7.1872181818181815,0.03063857879899882,7.194418181818182,0.030638578798998818,7.190818181818182,0.030638578798999356
2022-07,2022,7,0.14979739130434783,3.44534,23,85.34081481481482,87.75,72.6693025,69.5,78.47401451612903,0.8883349034038879,2239.582857142857,27.35048338564736,7.387135000000001,0.1137621215056831,7.394525,0.11388487665875101,7.3908249999999995,0.11381844672894494
2022-08,2022,8,0.15500761904761906,3.25516,21,82.8628257142857,86.625,71.55541451612903,68.66667,76.80299483870968,1.3230951247608083,2270.5656521739133,25.534729260733773,8.054822727272727,0.19106941877811792,8.06285,0.19126440624234875,8.058836363636363,0.19116691172514216
2022-09,2022,9,0.554741923076923,14.42329,26,84.12430535714286,87.8,72.7979052,71.0,77.70260034482759,0.9908208431197792,2226.0545454545454,38.75860834978642,8.742814285714285,0.6012872019972774,8.751538095238095,0.6019300619475578,8.74717619047619,0.6016086318403036
2022-10,2022,10,0.39211538461538464,10.195,26,88.31722518518518,91.6,73.18566884615385,70.8,79.95308548387096,1.7434395316821922,2245.005238095238,17.492565168964617,11.161538095238095,1.437340818482586,11.172709523809525,1.4387894286186436,11.16712380952381,1.4380651233183999
2022-11,2022,11,0.26923583333333334,6.46166,24,90.40624518518518,92.5,73.90346172413793,71.33333,81.758982,1.425939843013167,2382.3195454545453,49.78224932044157,13.066459090909092,0.03914295727070336,13.07955,0.03922111615419747,13.073004545454546,0.039182023055682046
2022-12,2022,12,0.153,1.53,10,91.72255925925927,95.0,73.6017616,69.0,82.03063258064516,2.009765694723257,2455.7976190476193,42.092676073725976,10.02968947368421,2.2153426160640954,10.039742105263159,2.2175513348225113,10.034705263157894,2.216444642633704
2023-01,2023,1,0.20624999999999996,0.8249999999999998,4,93.39700846153846,95.42857,73.08186333333333,66.25,83.08498451612904,1.9184922012591727,2540.9914285714285,26.976483886102386,9.904399999999999,0.8275774582923837,9.91432,0.8284190552841559,9.90936,0.8279982566724571
2023-02,2023,2,0.26050000000000006,2.6050000000000004,10,93.51836227272726,95.4,75.50382363636363,71.0,83.98021535714285,2.175673596663429,2587.361,59.621438205432746,10.858185,0.09918488995172915,10.869045,0.09927889729125915,10.863615,0.09923189361554226
2023-03,2023,3,0.1790868,4.47717,25,91.94510666666667,95.0,74.55228923076923,71.5,83.09064258064517,2.0900204856076825,2669.126956521739,70.1257239427735,11.008463636363636,0.00029202976780022907,11.019463636363637,0.00029202976780056756,11.013963636363636,0.0002920297678003158
2023-04,2023,4,0.2703848275862069,7.84116,29,92.14594965517242,94.33333,74.43144166666666,71.75,83.26316166666668,1.524004449672398,2823.4336842105263,33.60114386454498,10.940135294117647,0.018654555113177984,10.951135294117647,0.018654555113178085,10.945635294117649,0.018654555113177092
2023-05,2023,5,0.26682153846153844,6.93736,26,90.93829333333333,93.28571,74.63437833333334,69.5,82.56378677419355,1.782785091915429,2904.3186363636364,52.168224710838196,10.909754545454545,0.07665809513537088,10.9207,0.07674768803714949,10.915227272727272,0.0767028911221312
2023-06,2023,6,0.48238035714285715,13.50665,28,86.48290785714286,91.33333,73.06694034482759,71.0,79.55591299999999,1.764273572046501,3124.218636363636,97.52486595225012,10.978133333333332,0.008589373279425787,10.989133333333333,0.008589373279426942,10.983633333333334,0.008589373279426325
2023-07,2023,7,0.27971193548387097,8.67107,31,86.0713324137931,89.125,73.61092633333332,69.0,79.18817096774193,1.1720185632840288,3348.393333333333,75.588721932133,10.996471428571429,0.002036207960189409,11.00747142857143,0.002036207960190078,11.001971428571428,0.0020362079601887128
2023-08,2023,8,0.10320612903225806,3.19939,31,84.19451033333333,87.1,73.47779032258065,71.0,78.19614677419355,1.260369671637087,3444.08,90.09864160009185,11.001068181818182,0.005108479073223364,11.012068181818181,0.005108479073223719,11.006568181818182,0.005108479073223427
2023-09,2023,9,0.19227379310344828,5.57594,29,86.3501227586207,90.375,73.57781896551724,69.0,79.188571,1.5099992816151557,3625.3357142857144,84.99268295397164,11.05742,0.02764511187400562,11.068439999999999,0.027687207762506962,11.06293,0.027666150703283543
2023-10,2023,10,0.31740100000000004,9.52203,30,89.11097064516129,92.125,73.99791033333332,70.88889,80.77860967741935,1.258310697055068,3691.6122727272727,170.5603299752182,11.329718181818182,0.11327889155852235,11.341045454545453,0.1133623928876423,11.335381818181817,0.11332063921778335
2023-11,2023,11,0.3127826666666667,9.38348,30,91.33826666666667,93.375,74.6647375862069,72.11111,82.442037,1.2808227148343032,4096.158181818181,100.27553262962877,11.543563636363636,0.03743627659362994,11.555154545454545,0.03744900948874888,11.54935909090909,0.03744263751254847
2023-12,2023,12,0.13768555555555553,1.2391699999999999,9,92.94813466666666,95.0,72.87821586206897,68.83333,82.81084258064517,1.5386770085368056,4253.875555555555,49.90340613415967,11.645311111111111,0.05760572774716935,11.656922222222223,0.05765245319565446,11.651116666666667,0.057629090386918255
2024-01,2024,1,0.9046666666666667,13.57,15,94.26879633333333,96.6,74.69366419354839,71.77778,84.09463677419355,1.1206009257697032,4947.7188,1767.4951629149277,11.928480952380951,0.048236496753473544,11.940414285714285,0.04830464041595126,11.934447619047619,0.04827055644021118
2024-02,2024,2,0.15286166666666667,1.83434,12,96.34954862068966,99.0,76.80374142857143,72.22222,85.90076620689656,1.0473952374800164,5640.088095238096,399.60417852694013,12.223966666666668,0.1433062745776794,12.236180952380952,0.14345378914147786,12.23007142857143,0.1433822971738736
2024-03,2024,3,0.5338478260869565,12.2785,23,94.52214,97.57143,76.44722222222221,73.0,84.7355962962963,1.4260316620693267,7435.4259999999995,1224.3360007878816,12.661094736842106,0.1371048360995013,12.673773684210527,0.137204546580421,12.667431578947367,0.13715808013882566
2024-04,2024,4,0.2315359090909091,5.09379,22,93.51914344827586,96.0,76.0402262962963,71.4,84.93398166666667,2.0425569043136087,9876.579545454546,624.3801804340293,13.031535,0.11357519778821154,13.044585000000001,0.11365341254977936,13.038059999999998,0.11361430321370858
2024-05,2024,5,0.5588490476190476,11.73583,21,91.74016428571429,95.28571,76.03184535714286,72.0,83.60861100000001,1.9925728639631732,7763.369545454546,630.7723997606297,13.775431818181818,0.22238702511476252,13.789213636363638,0.22261671373409245,13.782322727272726,0.22250186715496442
2024-06,2024,6,0.5048810344827586,14.641549999999999,29,88.44877962962963,90.44444,74.78063793103448,71.0,80.95284586206895,1.5201825273384457,8380.1235,1078.826522693084,14.322605263157895,0.1583504884519868,14.336952631578948,0.15850124208563993,14.329778947368421,0.15842586271378842
2024-07,2024,7,0.11185666666666667,3.3557,30,84.58440399999999,89.44444,73.56975896551724,72.5,78.85659225806452,1.1511422985994129,7164.618695652174,275.71988183504374,14.739352173913044,0.079837675485183,14.754117391304348,0.07991640320970583,14.746734782608694,0.07987703395444622
2024-08,2024,8,0.0663762962962963,1.79216,27,83.2709224137931,86.22222,72.21689357142857,70.55556,77.48027733333333,0.8452671065650973,6791.954545454545,341.88660795966314,15.096085714285715,0.06614337673353556,15.111228571428573,0.06622491330954872,15.103657142857143,0.06618414138922224
2024-09,2024,9,0.09692703703703705,2.61703,27,86.86166428571428,90.0,72.704154,70.33333,79.029934,1.0948874084725402,6421.822380952381,160.11013596598926,15.549705,0.20926978677748592,15.565270000000002,0.2094870529851922,15.557485,0.20937662684363906
2024-10,2024,10,0.32962677419354836,10.21843,31,88.08463903225807,90.4,73.6902329032258,70.71429,79.96463096774194,1.2803514202341877,6582.857391304348,343.33427463383265,15.980921739130434,0.14977065787554766,15.996904347826089,0.1499297637934045,15.988904347826088,0.14984953507453871
2024-11,2024,11,0.3212321739130435,7.38834,23,91.59036863636364,93.16667,73.92537913043478,72.28571,82.78263875,1.0243930177525153,7930.125238095238,770.6680705895309,15.97544761904762,0.34446053419665856,15.991433333333335,0.3448166894646092,15.983433333333334,0.34463462294629216
